customer_id,name,email,phone,city,join_date
CUST-10000,Caleb Nazareth,samrajalsa@example.com,3307290552,Delhi,2024-06-25
CUST-10001,Zansi Dave,obalay@example.net,+910846480567,Delhi,2026-03-23
CUST-10002,Adweta Parsa,bbasu@example.com,02367322411,Bengaluru,2024-06-23
CUST-10003,Umang Parsa,suraomaja@example.com,3489816000,Delhi,2026-02-19
CUST-10004,Yashasvi Majumdar,bkala@example.net,+917823326852,Bengaluru,2025-05-08
CUST-10005,William Saxena,krish31@example.com,0622140320,Delhi,2024-12-15
CUST-10006,Lopa Wadhwa,qushiviswanathan@example.org,07658669681,Mumbai,2026-03-08
CUST-10007,Chaaya Agrawal,wakeeta12@example.org,0687281056,Mumbai,2025-12-05
CUST-10008,Hemal Kakar,harsh06@example.org,+911897496821,Mumbai,2025-05-12
CUST-10009,Balveer Kalla,fsankaran@example.com,06273142946,Delhi,2026-03-15
CUST-10010,Yashvi Borra,rajagopalanpavani@example.net,8689681274,Bengaluru,2025-01-25
CUST-10011,Qasim Sharaf,gratta@example.com,+914868947355,Delhi,2024-11-09
CUST-10012,Aahana Batta,rattanwriddhish@example.org,09920522383,Mumbai,2026-03-12
CUST-10013,Nisha Dua,tlad@example.org,8749410003,Mumbai,2025-02-22
CUST-10014,Urvi Johal,ridhi00@example.org,0727387838,Delhi,2025-08-22
CUST-10015,Upma Agate,rrana@example.com,00108287453,Bengaluru,2025-06-13
CUST-10016,Hema Bawa,murthymitali@example.com,09712268978,Delhi,2025-05-30
CUST-10017,Sara Rajan,umane@example.com,+914817649463,Mumbai,2025-02-25
CUST-10018,Ranbir Koshy,samarth63@example.net,+919116762598,Bengaluru,2025-12-11
CUST-10019,Hema Gaba,crege@example.org,06340123234,Bengaluru,2025-07-22
CUST-10020,Dayita Keer,sachisachdeva@example.org,+913302784340,Delhi,2024-07-10
CUST-10021,Noah Bakshi,okeer@example.com,6667999187,Delhi,2025-04-27
CUST-10022,Yadavi Date,doshimaanas@example.net,+915844131801,Mumbai,2024-06-16
CUST-10023,Madhavi Ben,divya22@example.net,+912800384474,Bengaluru,2025-10-15
CUST-10024,Jonathan Majumdar,udarsh24@example.org,05898665589,Mumbai,2025-03-10
CUST-10025,Veda Sood,naveen73@example.com,1352935231,Mumbai,2024-09-16
CUST-10026,Balendra Goyal,omishajaggi@example.net,+915145064557,Bengaluru,2024-10-10
CUST-10027,Leena Mahal,ojayaraman@example.com,09428916884,Delhi,2025-06-13
CUST-10028,Alexander Iyer,deoharinakshi@example.net,+914681474974,Bengaluru,2025-06-18
CUST-10029,Thomas Vohra,yash05@example.org,02946095456,Delhi,2025-12-03
CUST-10030,Reyansh Batra,basakojas@example.org,01674989356,Bengaluru,2025-09-13
CUST-10031,Atharv Contractor,gvarughese@example.org,01571808474,Mumbai,2026-02-21
CUST-10032,Naksh Sandhu,nayarnitesh@example.net,04219410763,Mumbai,2025-07-29
CUST-10033,Lakshit Chaudry,paibalhaar@example.org,03947006136,Mumbai,2025-01-24
CUST-10034,Chaitaly Das,ymisra@example.com,+913526230181,Bengaluru,2026-01-23
CUST-10035,Aadhya Chakraborty,harita30@example.com,00737793072,Delhi,2024-07-16
CUST-10036,Kiaan Deshmukh,hamsinibhatti@example.org,+913891751775,Bengaluru,2025-06-27
CUST-10037,Meghana Agrawal,idika25@example.com,5418062366,Bengaluru,2024-10-26
CUST-10038,Hiral Krishnan,vyanjana55@example.org,+910028148888,Bengaluru,2026-05-26
CUST-10039,Dominic Palla,vasana54@example.org,8784380184,Mumbai,2025-10-23
CUST-10040,Vedika Sunder,tamannaborah@example.com,2331908775,Mumbai,2025-12-26
CUST-10041,Naksh More,wahabrege@example.org,0098323094,Bengaluru,2025-12-06
CUST-10042,Max Zacharia,lucky82@example.org,00485857726,Mumbai,2025-11-12
CUST-10043,Luke Rege,farhan44@example.org,6051799533,Delhi,2025-10-05
CUST-10044,Leela Madan,veda49@example.net,01776280085,Mumbai,2025-01-13
CUST-10045,Gaurika Banik,wyattmukherjee@example.org,+919249942870,Mumbai,2024-10-15
CUST-10046,Banjeet Johal,pgolla@example.net,+914507766282,Delhi,2025-09-13
CUST-10047,Maanas Handa,warinder87@example.com,+919829653021,Bengaluru,2025-12-23
CUST-10048,Bhavani Bhatt,lankarachana@example.com,04548538815,Bengaluru,2024-07-13
CUST-10049,Darpan Gole,fkapadia@example.org,+910256746247,Bengaluru,2026-05-23
CUST-10050,Oni Parmar,tbaria@example.com,+919217531084,Delhi,2025-03-27
CUST-10051,Triveni Taneja,patilaashi@example.com,09587574109,Delhi,2025-08-08
CUST-10052,Abhiram Narayan,pallanihal@example.org,08594861755,Bengaluru,2026-02-17
CUST-10053,Balvan Balakrishnan,nagisathvik@example.com,+918965898764,Delhi,2024-06-11
CUST-10054,Ekantika Yogi,vermasara@example.net,1138004403,Delhi,2025-08-23
CUST-10055,Umang Pillai,tchatterjee@example.com,05424152100,Delhi,2024-07-27
CUST-10056,Manbir Sangha,golewazir@example.org,09301641739,Bengaluru,2026-05-16
CUST-10057,Keya Parsa,amruta15@example.com,+910802325698,Mumbai,2025-12-01
CUST-10058,Ekani Sagar,kapuroscar@example.com,00111996695,Bengaluru,2025-10-19
CUST-10059,Zashil Yadav,oliverdewan@example.org,08209091946,Bengaluru,2025-05-21
CUST-10060,Irya Loke,qushiparmer@example.com,+910262984810,Bengaluru,2024-12-07
CUST-10061,Adweta Patla,hredhaan01@example.org,8819051701,Delhi,2025-12-12
CUST-10062,Max Bahl,kamalaratti@example.org,1574640655,Bengaluru,2025-11-09
CUST-10063,Bhavani Peri,dekrishna@example.org,06809670488,Delhi,2026-02-24
CUST-10064,Chandresh Mitra,bhardwajzayyan@example.net,+914752033089,Delhi,2025-02-07
CUST-10065,Aadi Kaur,mannanpratyush@example.net,9595792900,Bengaluru,2025-04-04
CUST-10066,Charan Wagle,bhatiachakradev@example.com,07588218594,Delhi,2026-04-10
CUST-10067,Vaishnavi Vyas,ayaan23@example.net,04191578823,Mumbai,2024-07-25
CUST-10068,Shaurya Varkey,oviya57@example.net,+913288945425,Delhi,2026-03-19
CUST-10069,Ethan Shah,manthanvohra@example.net,9649801616,Bengaluru,2025-12-24
CUST-10070,Indali Thaman,gsangha@example.net,+918075403912,Mumbai,2026-05-14
CUST-10071,Nandini Bala,ryandeol@example.net,8672615420,Bengaluru,2024-08-17
CUST-10072,Max Lad,baljiwan64@example.com,01386559205,Mumbai,2025-07-02
CUST-10073,Chanakya Mohan,benjaminbhakta@example.com,6952888657,Mumbai,2026-01-15
CUST-10074,Tarak Gola,rachit27@example.net,07615510310,Delhi,2025-12-12
CUST-10075,Ekani Kota,tkoshy@example.net,9412111323,Bengaluru,2025-05-16
CUST-10076,Theodore Mandal,qarin55@example.org,2390347944,Bengaluru,2025-01-17
CUST-10077,Yachana Seth,cbalakrishnan@example.net,+918293197564,Mumbai,2024-12-03
CUST-10078,Hemal Kumar,patlaganga@example.net,07063790526,Bengaluru,2024-06-26
CUST-10079,Farhan Mane,leela20@example.net,00346232987,Bengaluru,2024-07-06
CUST-10080,Saumya Viswanathan,thomas84@example.org,+916241093172,Delhi,2024-11-16
CUST-10081,Zilmil Reddy,cmuni@example.org,+917382634617,Mumbai,2025-11-01
CUST-10082,Bina Prashad,chakradhar84@example.net,02375895394,Delhi,2026-03-28
CUST-10083,Indira Seshadri,aarnavsaha@example.com,+915586165222,Mumbai,2025-01-30
CUST-10084,Pallavi Chakrabarti,hbassi@example.com,+913868989695,Mumbai,2026-06-05
CUST-10085,Yashvi Koshy,dhingraanika@example.com,+910714121643,Delhi,2026-03-07
CUST-10086,Xavier Goyal,guhatanmayi@example.org,3436754351,Delhi,2025-12-05
CUST-10087,Om Menon,bainsadweta@example.net,2414953059,Mumbai,2025-02-03
CUST-10088,Yamini Naik,ecomar@example.net,07047333745,Delhi,2024-06-09
CUST-10089,Zaitra Vora,skapoor@example.net,+910184128851,Delhi,2024-09-04
CUST-10090,Ucchal Gokhale,ridhi93@example.org,+912263622506,Bengaluru,2025-07-15
CUST-10091,Rehaan Vohra,ekbal66@example.net,09389970452,Delhi,2026-02-01
CUST-10092,Chameli Rajagopal,hamsinibatta@example.com,01297208086,Delhi,2026-06-06
CUST-10093,Isaiah Patil,aachalkhare@example.com,1287507318,Mumbai,2026-03-30
CUST-10094,Vrinda Vig,wallahemani@example.com,+913658688418,Bengaluru,2026-05-19
CUST-10095,Dhriti Hayre,kardev@example.net,06605606905,Delhi,2026-01-06
CUST-10096,Chakradhar Chatterjee,tdhawan@example.net,3865516834,Delhi,2026-05-03
CUST-10097,Kamya Sahota,henry21@example.net,+918084057851,Delhi,2025-12-31
CUST-10098,Faraj Sani,riakanda@example.com,6718116611,Delhi,2024-07-05
CUST-10099,Saksham Loyal,rjain@example.com,+911871788043,Bengaluru,2026-05-28
CUST-10100,Pallavi Sura,luckyanand@example.net,01412311351,Mumbai,2024-07-24
CUST-10101,Tanveer Aggarwal,ayush91@example.com,6089528877,Bengaluru,2025-06-23
CUST-10102,Lakshmi Hegde,kevinbera@example.org,00981542737,Delhi,2026-04-26
CUST-10103,Faraj Dhawan,xnath@example.org,08559087934,Bengaluru,2025-11-01
CUST-10104,Anamika Dass,raghavoza@example.com,01997330563,Delhi,2026-01-16
CUST-10105,Varenya Narain,sulerachit@example.net,5084237089,Bengaluru,2025-07-14
CUST-10106,Ansh Chaudhari,anshbhat@example.org,+916773650621,Mumbai,2026-01-21
CUST-10107,Gabriel Patla,kotageetika@example.com,01320491055,Mumbai,2024-11-19
CUST-10108,Ekapad Batra,aradhanamore@example.com,9608673054,Bengaluru,2024-10-02
CUST-10109,Yadavi Kanda,ryan31@example.org,+915572196278,Mumbai,2024-11-26
CUST-10110,Shivani Bora,gillhritik@example.com,05127817780,Mumbai,2025-10-10
CUST-10111,Eshana Bhatia,yverma@example.org,+911859078504,Bengaluru,2025-02-12
CUST-10112,Harrison Doctor,chavvidave@example.org,9835139391,Mumbai,2025-01-07
CUST-10113,Krisha Mandal,vkapur@example.net,+914107989886,Delhi,2026-01-22
CUST-10114,Baljiwan Balakrishnan,mahikakumar@example.com,04371650446,Mumbai,2025-10-07
CUST-10115,Varsha Dyal,advikiyengar@example.net,0287584644,Mumbai,2024-07-27
CUST-10116,Isaac Sur,foak@example.com,02098269751,Mumbai,2024-07-06
CUST-10117,Tanvi Sethi,ehegde@example.net,09619702274,Bengaluru,2025-11-02
CUST-10118,Sathvik Chana,harsh70@example.com,1224853046,Delhi,2025-11-21
CUST-10119,Barkha Pant,vbahri@example.com,1829403990,Mumbai,2026-05-03
CUST-10120,Ryan Mammen,palcaleb@example.org,04851545351,Delhi,2026-03-13
CUST-10121,Abhimanyu Tandon,zverma@example.com,+911527551563,Delhi,2025-08-29
CUST-10122,Bahadurjit Dua,elijah59@example.net,2202450853,Bengaluru,2025-10-06
CUST-10123,Harrison Dass,michael62@example.net,+918732957598,Delhi,2025-03-11
CUST-10124,Triveni Varughese,duttyashodhara@example.net,+914447402325,Delhi,2024-10-13
CUST-10125,Chatresh Morar,harinigulati@example.org,03629882089,Delhi,2026-01-13
CUST-10126,Darika Bora,eshananayar@example.com,+919520394766,Mumbai,2026-04-29
CUST-10127,Bachittar Thaker,eshana75@example.net,+918810968733,Delhi,2025-08-22
CUST-10128,Raghav Choudhry,xkumer@example.net,+914084136011,Mumbai,2025-05-09
CUST-10129,Jagdish Dubey,imani@example.net,+910284341414,Mumbai,2025-07-11
CUST-10130,Nachiket Verma,gangarao@example.net,09977158382,Mumbai,2025-10-26
CUST-10131,Harish Nair,kashvi41@example.net,1281098542,Delhi,2025-07-01
CUST-10132,Edhitha Acharya,dugarrohan@example.net,+912403125955,Bengaluru,2025-04-28
CUST-10133,Dalbir Iyengar,rehaanbutala@example.org,+912099955574,Bengaluru,2025-07-10
CUST-10134,Luke Sankar,atibhagat@example.net,00088741178,Mumbai,2025-03-30
CUST-10135,Faqid Mann,niharikabansal@example.com,+918060968103,Bengaluru,2026-02-18
CUST-10136,Vinaya Sundaram,aarnav23@example.net,0304815206,Mumbai,2025-06-07
CUST-10137,Adya Chaudhry,meghanaparmar@example.net,08804656192,Bengaluru,2025-04-29
CUST-10138,Madhavi Bir,vasana89@example.org,+916672314453,Mumbai,2024-07-18
CUST-10139,Azaan Sur,amrita71@example.org,2586477000,Mumbai,2024-06-14
CUST-10140,Adya Dutta,patilikshita@example.org,+915968695955,Mumbai,2026-06-04
CUST-10141,Reyansh Krish,vedhikamahal@example.org,+915413460313,Bengaluru,2024-06-22
CUST-10142,Ikshita Patla,csibal@example.net,9923427180,Delhi,2025-07-26
CUST-10143,Vaishnavi Bassi,sureshpratyush@example.net,03981691778,Bengaluru,2026-01-08
CUST-10144,Lopa Setty,galasiddharth@example.net,06953634906,Mumbai,2025-08-30
CUST-10145,Harsh Gopal,pandyamohammed@example.com,4169374039,Bengaluru,2025-10-02
CUST-10146,Aarush Iyengar,yedwin@example.org,02122727235,Bengaluru,2026-05-11
CUST-10147,Matthew Butala,bosebhanumati@example.com,1343282615,Bengaluru,2025-03-26
CUST-10148,Viraj Pathak,pranitrama@example.com,09051858047,Mumbai,2025-06-12
CUST-10149,Arjun Rama,xuppal@example.org,08290070833,Mumbai,2025-04-06
CUST-10150,Nisha Varghese,dhillonhamsini@example.com,5266641340,Mumbai,2026-03-13
CUST-10151,Bhavani Setty,mnaik@example.com,5545705976,Bengaluru,2025-01-01
CUST-10152,Ati Raja,lrai@example.org,4866262671,Bengaluru,2025-05-03
CUST-10153,Ayush Kunda,adhaliwal@example.net,2821463910,Mumbai,2024-09-25
CUST-10154,Vedant Ganesh,mchaudhuri@example.org,+917990429469,Delhi,2026-03-25
CUST-10155,Zilmil Dubey,smenon@example.net,3727767379,Mumbai,2026-02-26
CUST-10156,Ekavir Mani,haritacheema@example.org,1811333130,Mumbai,2026-04-26
CUST-10157,Inaya Mistry,uraval@example.net,+914301331772,Delhi,2024-11-12
CUST-10158,Siya Varkey,upmamaharaj@example.net,+917134776380,Delhi,2025-11-18
CUST-10159,Faras Rattan,upma75@example.com,+918131990838,Bengaluru,2024-11-06
CUST-10160,Jyoti Kaul,mohini18@example.net,01885686341,Delhi,2025-01-12
CUST-10161,Elijah Bal,samaksh35@example.com,+913951071580,Mumbai,2024-12-12
CUST-10162,Harrison Varughese,lsolanki@example.net,2404711465,Mumbai,2025-03-19
CUST-10163,Daksha De,waglesanya@example.org,6939898097,Mumbai,2025-05-22
CUST-10164,Onveer Panchal,fhayer@example.net,+914857118011,Delhi,2025-08-03
CUST-10165,Reva Chaudhari,azaanmore@example.net,9679329009,Delhi,2024-10-15
CUST-10166,Dhruv Lad,anshpatla@example.net,02112669682,Bengaluru,2024-08-05
CUST-10167,Ishwar Dass,duttahenry@example.org,07638601024,Delhi,2025-08-04
CUST-10168,Samar Bose,reva99@example.com,5799010162,Bengaluru,2025-12-15
CUST-10169,Bimala Kunda,cpalla@example.net,3445210431,Bengaluru,2025-01-14
CUST-10170,Tejas Date,balanrachana@example.org,03343586499,Mumbai,2025-10-10
CUST-10171,Chakradev Krishna,rpadmanabhan@example.org,+915196824257,Mumbai,2025-07-02
CUST-10172,Samuel Lalla,girishbera@example.org,6867881380,Bengaluru,2026-06-03
CUST-10173,Nathan Krishnan,chahalthomas@example.net,6070071946,Delhi,2026-04-07
CUST-10174,Warhi Dada,zilmil36@example.com,01103605201,Delhi,2026-02-14
CUST-10175,Eesha Toor,kumarjonathan@example.net,00516130703,Delhi,2024-12-01
CUST-10176,Meera Amble,kgade@example.com,+917987446551,Delhi,2026-02-24
CUST-10177,Hemangini Bath,bajwaqushi@example.com,+914052247892,Delhi,2025-02-14
CUST-10178,Isaac Dass,jacksehgal@example.net,+917440747524,Bengaluru,2025-01-19
CUST-10179,Ishani Ramesh,amara64@example.net,6721345211,Delhi,2025-02-08
CUST-10180,Wishi Pal,surqasim@example.com,+918418758345,Delhi,2026-01-23
CUST-10181,Fariq Gopal,jcontractor@example.net,+914320605219,Bengaluru,2025-10-23
CUST-10182,Warinder Rajagopalan,wishidhar@example.net,04900698393,Bengaluru,2025-03-28
CUST-10183,Dev Radhakrishnan,dhaliwaludyati@example.net,01430625847,Delhi,2025-09-13
CUST-10184,Yutika Parekh,agrewal@example.net,03844299843,Bengaluru,2025-05-30
CUST-10185,Triya Deshmukh,waglebaghyawati@example.org,09167665804,Bengaluru,2025-02-07
CUST-10186,Mitali Natarajan,knath@example.org,2132594487,Delhi,2025-05-15
CUST-10187,Nandini Pal,dev69@example.net,3281344744,Bengaluru,2026-03-10
CUST-10188,Aadhya Balasubramanian,jeevikakeer@example.org,+917940197856,Delhi,2024-06-08
CUST-10189,Manya Misra,ekanshkhalsa@example.org,0967519980,Mumbai,2025-05-31
CUST-10190,Omya Raman,raodalaja@example.net,+917799633546,Bengaluru,2026-01-20
CUST-10191,Siddharth Venkatesh,cpurohit@example.org,09034737861,Bengaluru,2024-08-04
CUST-10192,Anvi Shah,lsoni@example.net,+911276278541,Delhi,2025-12-08
CUST-10193,Udant Yogi,rushil50@example.net,05651173176,Bengaluru,2024-08-05
CUST-10194,Vidhi Sheth,ishanijhaveri@example.org,01507428670,Delhi,2025-11-11
CUST-10195,Unni Madan,jhaveribarkha@example.org,+911775041896,Bengaluru,2024-12-19
CUST-10196,Damini Biswas,lopa51@example.com,05204296825,Delhi,2026-02-18
CUST-10197,Vamakshi Krish,gavin47@example.com,2559003526,Delhi,2025-09-09
CUST-10198,Gopal Ahuja,takleena@example.net,09126330611,Bengaluru,2025-03-14
CUST-10199,Tripti Mahal,lakshmi03@example.org,+914104035038,Delhi,2024-10-14
CUST-10200,Kala Sodhi,dakshmukherjee@example.com,+914391023694,Bengaluru,2025-08-13
CUST-10201,Benjamin Dewan,lgokhale@example.net,+916294429435,Bengaluru,2025-03-30
CUST-10202,Zashil Mani,qarinpathak@example.com,04692077048,Bengaluru,2026-01-22
CUST-10203,Deepa Kalita,anmol25@example.net,+915514287109,Delhi,2025-01-10
CUST-10204,Wyatt Kanda,poojabhatia@example.com,+916837322612,Bengaluru,2025-07-10
CUST-10205,Advik Sathe,rattaomaja@example.net,0663824007,Bengaluru,2026-04-21
CUST-10206,Nidhi Parmar,harini85@example.net,+913946945527,Bengaluru,2025-10-28
CUST-10207,Isaiah Nanda,tanish56@example.org,+914934542184,Mumbai,2026-05-20
CUST-10208,Tanay Ghosh,chakrika82@example.com,09123191379,Mumbai,2026-03-28
CUST-10209,Fiyaz Raju,bathchatura@example.com,06218196185,Delhi,2025-10-18
CUST-10210,Sachi Kulkarni,daksha25@example.com,6973786635,Bengaluru,2024-12-14
CUST-10211,Eiravati Trivedi,omkaaragrawal@example.net,6310706626,Delhi,2025-10-12
CUST-10212,Ronith Sidhu,aarini89@example.org,4474880825,Bengaluru,2024-07-13
CUST-10213,Kashish Murthy,manbirsawhney@example.net,3399486632,Mumbai,2025-11-02
CUST-10214,Tara Palla,narasimhanqadim@example.com,7146123608,Mumbai,2024-08-13
CUST-10215,Aarnav Aurora,mohinibalakrishnan@example.com,03322568375,Bengaluru,2025-08-25
CUST-10216,Chakradev Shenoy,eesha98@example.net,+911997385180,Bengaluru,2026-02-21
CUST-10217,Kritika Krishna,ijaya03@example.org,05264197716,Delhi,2025-11-28
CUST-10218,Ekaja Nath,gardeaarini@example.net,04126560603,Delhi,2025-04-17
CUST-10219,Ganga Dara,harshilsane@example.org,+919749822900,Delhi,2025-06-06
CUST-10220,Bachittar Panchal,caleb84@example.com,05643795553,Delhi,2024-08-15
CUST-10221,Manan Chanda,hema04@example.com,02971369081,Bengaluru,2025-12-04
CUST-10222,Omisha Warrior,hemanginidash@example.com,06465943968,Mumbai,2025-02-25
CUST-10223,Varsha Oommen,nachiketrattan@example.net,+917679179930,Delhi,2026-03-17
CUST-10224,Nilima Bahl,qkala@example.net,06717286973,Mumbai,2026-05-12
CUST-10225,Chandran Dyal,maxghosh@example.org,6206251118,Mumbai,2024-10-23
CUST-10226,Chanchal Rao,sarasaini@example.org,5533474998,Delhi,2025-01-22
CUST-10227,Zaid Saha,sherechavvi@example.com,9550204207,Delhi,2025-02-18
CUST-10228,Alexander Gour,kgokhale@example.org,0992499657,Delhi,2024-09-08
CUST-10229,Henry Chakraborty,luckysunder@example.net,05055680505,Mumbai,2025-08-01
CUST-10230,Jeet Bera,vedhikarao@example.net,02301829817,Mumbai,2025-04-02
CUST-10231,Vaishnavi Pai,amairachakraborty@example.net,+911105557976,Bengaluru,2024-12-02
CUST-10232,Ubika Srivastava,wzacharia@example.com,+910202213635,Delhi,2025-07-10
CUST-10233,Timothy Bhakta,anita99@example.org,4673211354,Bengaluru,2026-03-09
CUST-10234,Nakul Shankar,wriddhish57@example.com,05492852391,Bengaluru,2026-04-28
CUST-10235,Rudra Bhasin,omajakonda@example.com,5017731812,Mumbai,2025-06-22
CUST-10236,Agastya Krishnan,ranganathanyug@example.net,03599836803,Bengaluru,2024-10-14
CUST-10237,Ati Jha,cnayar@example.com,5257467820,Mumbai,2025-05-30
CUST-10238,Lakshit Dani,muttihemang@example.net,1853767001,Delhi,2025-04-03
CUST-10239,Patrick Mishra,ayaan30@example.net,2876246726,Mumbai,2024-12-26
CUST-10240,Alexander Mander,jagdishagarwal@example.com,00757395910,Delhi,2024-10-11
CUST-10241,Jyoti Gaba,oviyadoctor@example.com,+914013409653,Bengaluru,2025-12-20
CUST-10242,Nitara Chandra,trivenikhosla@example.net,8159774741,Delhi,2025-10-12
CUST-10243,Zarna Arya,rbasak@example.org,01014652630,Mumbai,2025-06-16
CUST-10244,Faras Yadav,alexander19@example.org,00678244153,Bengaluru,2024-08-08
CUST-10245,Ekaja Nagar,akshay52@example.org,7221550879,Mumbai,2026-02-10
CUST-10246,Indali Samra,voranitesh@example.com,+913921168460,Delhi,2026-01-30
CUST-10247,Dipta Sibal,inayadubey@example.net,01481747248,Bengaluru,2025-12-07
CUST-10248,Oliver Borde,noza@example.net,04723212250,Bengaluru,2025-03-24
CUST-10249,Omaja Choudhury,norikeya@example.com,+919602995970,Bengaluru,2025-04-24
CUST-10250,Tristan Bail,mohinirattan@example.net,2460931758,Mumbai,2024-09-27
CUST-10251,Manthan Gour,daniel95@example.net,+912139812028,Mumbai,2025-10-31
CUST-10252,Bishakha Nayar,xkashyap@example.com,+912847904735,Delhi,2024-07-22
CUST-10253,Nandini Kothari,shannitesh@example.org,+912391852579,Mumbai,2024-09-11
CUST-10254,Kevin Bir,wchandra@example.com,+917017192089,Delhi,2025-02-19
CUST-10255,Raagini Saha,ethankhanna@example.net,06325220185,Delhi,2024-12-17
CUST-10256,Kai Karnik,egaba@example.org,+917357443157,Bengaluru,2026-02-08
CUST-10257,Garima Mitra,rattakeya@example.org,00328511979,Mumbai,2024-09-14
CUST-10258,Ansh Khare,fkaran@example.org,+913984916522,Delhi,2026-03-20
CUST-10259,Adya Pillay,sbumb@example.net,8286994868,Mumbai,2024-06-10
CUST-10260,Lopa Dugar,comarlajita@example.com,08144052850,Mumbai,2024-11-23
CUST-10261,Vanya Yadav,bhanumatiissac@example.com,00625214698,Mumbai,2024-10-10
CUST-10262,Sanaya Varma,devbuch@example.net,+918148651120,Mumbai,2026-03-22
CUST-10263,Garima Dave,hritikdara@example.org,01573536052,Mumbai,2024-10-03
CUST-10264,Gayathri Grover,patrick79@example.org,6256225044,Bengaluru,2025-09-03
CUST-10265,Maya Pandya,fmurty@example.com,9420141181,Mumbai,2025-12-04
CUST-10266,Upadhriti Tripathi,chanderisaiah@example.org,+913263843760,Bengaluru,2026-06-07
CUST-10267,Pranav Chatterjee,tanmayi85@example.org,04965343045,Delhi,2026-01-03
CUST-10268,Charvi Basu,yagneshsaran@example.org,7191885498,Mumbai,2025-02-12
CUST-10269,Upma Dewan,vrittiiyer@example.net,03988475669,Bengaluru,2026-05-07
CUST-10270,Panini Mittal,patlagautami@example.net,8144989141,Delhi,2026-01-08
CUST-10271,Zayyan Ray,srinivasaadi@example.com,09297253927,Delhi,2026-01-27
CUST-10272,Charan Loke,pahal57@example.net,+915990937168,Mumbai,2025-04-09
CUST-10273,Alka Patil,madhavisaha@example.org,2470390499,Mumbai,2025-08-01
CUST-10274,Bimala Varkey,jack81@example.com,+913227505315,Delhi,2025-12-02
CUST-10275,Samuel Khatri,ravianamika@example.net,09735664218,Mumbai,2025-05-12
CUST-10276,Laksh Sundaram,rajalogan@example.net,09856621027,Bengaluru,2025-10-25
CUST-10277,Lakshit Balasubramanian,andrew24@example.com,+911496015477,Mumbai,2025-09-12
CUST-10278,Tanish Patla,qmistry@example.org,07531104054,Mumbai,2024-10-04
CUST-10279,Isaac Choudhary,salvimitesh@example.com,04817521215,Delhi,2026-03-06
CUST-10280,Kritika Padmanabhan,zehaan63@example.net,+912223548858,Bengaluru,2025-12-30
CUST-10281,Yashasvi Raj,wkrish@example.net,9800630223,Bengaluru,2025-11-18
CUST-10282,Onveer Kuruvilla,panini60@example.com,09217320720,Bengaluru,2024-08-21
CUST-10283,Ayushman Sangha,bhavikakar@example.com,+914749881299,Mumbai,2025-05-25
CUST-10284,Girish Ratti,ranne@example.net,+911893801679,Mumbai,2025-07-12
CUST-10285,Bhanumati Bir,ekajalad@example.com,1542319516,Bengaluru,2024-09-25
CUST-10286,Janani Luthra,rajagopaljalsa@example.com,08917063989,Bengaluru,2025-06-28
CUST-10287,Sachi Kothari,xthaman@example.org,02272515904,Delhi,2026-03-30
CUST-10288,Kalpit Narayanan,hvala@example.net,6612531483,Bengaluru,2024-08-26
CUST-10289,Pooja Oza,pranav88@example.net,+913055101362,Delhi,2025-06-07
CUST-10290,Zayyan Korpal,krishjonathan@example.com,+918629078115,Mumbai,2024-07-27
CUST-10291,Chatresh Guha,ekalingamodi@example.org,05498028086,Delhi,2026-02-07
CUST-10292,Balvan Sur,ekiyagarg@example.net,3285273876,Delhi,2025-03-07
CUST-10293,Frederick Lad,vedadar@example.org,9327798993,Mumbai,2025-01-15
CUST-10294,Daniel Agarwal,pushtipatla@example.com,03466904070,Bengaluru,2025-08-03
CUST-10295,Damini Munshi,nakul04@example.com,02592868372,Mumbai,2025-03-14
CUST-10296,Kamya Doctor,upadhyayowen@example.com,+912269496177,Bengaluru,2025-03-20
CUST-10297,Nisha Ghose,zkant@example.com,6768988660,Bengaluru,2026-01-16
CUST-10298,Abdul Salvi,gsolanki@example.net,6740833446,Mumbai,2025-01-07
CUST-10299,Saksham Chad,deeprehaan@example.com,08026914048,Delhi,2026-02-06
CUST-10300,Udyati Nanda,raghav98@example.org,+919442853306,Mumbai,2025-03-05
CUST-10301,Yashica Parsa,gourvivaan@example.net,1529578462,Bengaluru,2025-09-22
CUST-10302,Yashasvi Iyer,xsuresh@example.net,00966966006,Mumbai,2026-03-01
CUST-10303,Teerth Dugar,gayathri51@example.org,+910721977289,Bengaluru,2025-02-01
CUST-10304,David Mukherjee,nidra34@example.com,5601015908,Delhi,2024-09-25
CUST-10305,Kai Varty,edhitha88@example.net,05809213685,Mumbai,2025-02-22
CUST-10306,Raagini Dhaliwal,osama@example.net,6874597826,Delhi,2024-12-04
CUST-10307,Pallavi Bhavsar,garimabadami@example.org,9998967336,Bengaluru,2025-07-24
CUST-10308,Daksh Comar,dubeyaadhya@example.net,5533296835,Mumbai,2024-09-22
CUST-10309,Raksha Ramakrishnan,veer19@example.com,1072633965,Delhi,2024-07-23
CUST-10310,Advaith Kapur,vrittibhatnagar@example.net,+917387554118,Delhi,2025-05-11
CUST-10311,Sanya Ram,bordeganga@example.com,09625559319,Mumbai,2026-02-20
CUST-10312,Ijaya Yadav,ikbal41@example.net,+916400966968,Delhi,2024-10-25
CUST-10313,Sachi Sule,qabilkhosla@example.com,9998558025,Bengaluru,2024-09-01
CUST-10314,Unnati Madan,dtata@example.net,01392256118,Delhi,2024-11-24
CUST-10315,Reyansh Singhal,gunbirdevan@example.com,8603715210,Delhi,2026-02-03
CUST-10316,Kala Kant,gsarkar@example.net,05547679831,Mumbai,2026-03-28
CUST-10317,Zaitra Kulkarni,somgavin@example.com,09896821369,Delhi,2026-01-12
CUST-10318,Lavanya Yohannan,tiyengar@example.com,4311726029,Mumbai,2026-04-20
CUST-10319,Alexander Subramaniam,epillai@example.org,9547290101,Bengaluru,2026-01-14
CUST-10320,Yauvani Barad,vihaan61@example.org,01221796763,Bengaluru,2026-05-22
CUST-10321,Oni Vala,grai@example.com,+918541145421,Delhi,2025-02-10
CUST-10322,Darika Kamdar,jupadhyay@example.com,07950385818,Delhi,2024-08-29
CUST-10323,Faris Master,hemani52@example.net,7630555183,Delhi,2024-06-27
CUST-10324,Falan Grover,gunbirmani@example.net,8628215392,Mumbai,2025-08-28
CUST-10325,Aarna Ganesan,raaginidayal@example.org,+913138069028,Bengaluru,2026-05-17
CUST-10326,Nimrat Chatterjee,watikabalakrishnan@example.org,02887095324,Mumbai,2025-03-02
CUST-10327,Girik Venkataraman,owen97@example.net,9622997398,Delhi,2026-03-06
CUST-10328,Falan Kaur,ethan79@example.org,09057952971,Bengaluru,2024-07-10
CUST-10329,Chatresh Chatterjee,mitterlakshit@example.org,+918414419449,Mumbai,2024-08-29
CUST-10330,Kashish Mani,krishna01@example.net,+915287143248,Delhi,2025-04-17
CUST-10331,Oeshi Gandhi,jeremiahmani@example.com,+919423086230,Mumbai,2025-11-03
CUST-10332,Nidra Biswas,maxnayar@example.org,1492023236,Bengaluru,2025-05-26
CUST-10333,Advay Brar,ymanda@example.com,04096191213,Delhi,2025-05-18
CUST-10334,Zayan Sant,ruppal@example.com,01421221099,Delhi,2025-04-17
CUST-10335,Kavya Halder,devika42@example.org,+911721395679,Mumbai,2025-11-04
CUST-10336,Vasudha Guha,bishakha13@example.net,+917412727945,Bengaluru,2025-08-05
CUST-10337,Bahadurjit Amble,dixitzayan@example.org,07375043272,Delhi,2024-06-27
CUST-10338,Daksh Acharya,saxenajanuja@example.net,8768175538,Delhi,2025-07-06
CUST-10339,Neha Goyal,pranavdhar@example.com,+911085554563,Delhi,2025-09-10
CUST-10340,Abdul Madan,lprashad@example.net,3582985000,Delhi,2025-05-03
CUST-10341,Amaira Prasad,khannaurmi@example.org,+919800919918,Bengaluru,2025-04-19
CUST-10342,Vidhi Rastogi,ratwal@example.org,03460274729,Mumbai,2026-02-21
CUST-10343,Yachana Bhakta,watika05@example.com,5476395827,Delhi,2024-08-22
CUST-10344,Robert Sura,somnicholas@example.com,8834181585,Mumbai,2025-10-19
CUST-10345,Vrinda Mall,umang55@example.net,+918327158001,Delhi,2025-03-17
CUST-10346,Rajata Chandran,ekanichandran@example.net,01036574075,Bengaluru,2025-05-23
CUST-10347,Patrick Shenoy,ranbir37@example.org,08100299600,Mumbai,2024-12-06
CUST-10348,Dalaja Chatterjee,timothyseshadri@example.com,04758018245,Delhi,2025-03-07
CUST-10349,Gavin Ramanathan,xaviernair@example.com,5887514359,Mumbai,2024-07-06
CUST-10350,Omisha Singh,oscarbhattacharyya@example.com,+910156874519,Bengaluru,2025-01-21
CUST-10351,Jyoti Gaba,gopal32@example.org,6654748379,Mumbai,2024-08-08
CUST-10352,Lucky Oak,akrishna@example.com,3368703074,Bengaluru,2026-02-23
CUST-10353,Chaman Patil,harya@example.net,7286456574,Delhi,2024-10-11
CUST-10354,Nimrat Karnik,sathvik57@example.com,+917704829100,Delhi,2026-04-26
CUST-10355,Raagini Nori,aroraaarush@example.net,7297643697,Mumbai,2025-08-29
CUST-10356,Sanya Shroff,rkarnik@example.com,07388648311,Delhi,2024-10-25
CUST-10357,Neel Sama,xmanda@example.net,4721851430,Bengaluru,2025-06-11
CUST-10358,Mitali Anne,neharastogi@example.org,02231478191,Bengaluru,2024-07-01
CUST-10359,Avni Sheth,falguni29@example.com,8826851352,Bengaluru,2024-08-16
CUST-10360,Sudiksha Nagarajan,ahujasiddharth@example.com,02617327254,Bengaluru,2024-11-01
CUST-10361,Teerth Joshi,avidugal@example.net,+912680474524,Bengaluru,2026-01-28
CUST-10362,Pratyush Soni,ahluwaliaarya@example.com,9942078863,Delhi,2025-09-06
CUST-10363,Maanas Shukla,raaginiyadav@example.org,+917478657511,Mumbai,2025-07-26
CUST-10364,Triya Ravel,pchaudhary@example.net,0618351510,Bengaluru,2025-07-22
CUST-10365,Warhi Mody,msetty@example.net,1179555734,Bengaluru,2025-06-03
CUST-10366,Onkar Chakrabarti,zkibe@example.org,02487075268,Mumbai,2025-02-01
CUST-10367,Aadhya Sibal,gagan01@example.com,9984678852,Delhi,2024-08-03
CUST-10368,Yashvi Joshi,mbhargava@example.com,+912698858969,Mumbai,2026-01-05
CUST-10369,Chandresh Swaminathan,daksh07@example.com,9037671828,Mumbai,2024-06-24
CUST-10370,Ekani Parmer,sagrawal@example.com,05162688310,Delhi,2025-04-06
CUST-10371,Gaurang Mahajan,krisha56@example.net,7953901388,Mumbai,2025-01-18
CUST-10372,Deepa Mannan,chaudhryhema@example.org,4511750108,Mumbai,2026-06-06
CUST-10373,Omya Kunda,chandran00@example.com,+915139320484,Mumbai,2025-04-17
CUST-10374,Kalpit Sule,niteshtalwar@example.org,06582143837,Mumbai,2024-09-26
CUST-10375,Tanay Ramanathan,samakshmistry@example.com,00269029681,Bengaluru,2026-03-24
CUST-10376,Bhavna Lalla,sridharanita@example.net,09239844566,Delhi,2026-02-23
CUST-10377,Rushil Tailor,nbawa@example.org,0012612629,Mumbai,2026-04-20
CUST-10378,Nikita Sura,revabassi@example.org,+911414682835,Delhi,2026-02-06
CUST-10379,Upasna Patla,madhavbrahmbhatt@example.com,09594004166,Mumbai,2026-02-06
CUST-10380,Atharv Halder,rsom@example.org,4231302537,Bengaluru,2025-01-27
CUST-10381,Dipta Agate,giriksandhu@example.org,9596875673,Bengaluru,2026-03-04
CUST-10382,Chandresh Yadav,reddydaksh@example.net,+910868230290,Bengaluru,2025-04-25
CUST-10383,Ekbal Sama,nilimaissac@example.com,+918243544259,Mumbai,2024-11-06
CUST-10384,Sathvik Balasubramanian,janiyochana@example.net,03886307746,Mumbai,2025-11-01
CUST-10385,Siya Manne,liam71@example.org,+916908189843,Mumbai,2026-01-18
CUST-10386,Tanay Pillay,qchauhan@example.net,2318125756,Delhi,2025-11-14
CUST-10387,Raghav Barad,gabriel30@example.net,04810735604,Mumbai,2025-02-19
CUST-10388,Laban Kaur,utak@example.org,+914813420475,Bengaluru,2025-06-09
CUST-10389,Tamanna Patla,daniel30@example.org,09308358483,Bengaluru,2026-04-27
CUST-10390,Rayaan Mandal,anya34@example.com,+919646006500,Mumbai,2025-06-19
CUST-10391,Hardik Ghose,udeo@example.com,4305059003,Bengaluru,2026-03-05
CUST-10392,Viraj Joshi,zgala@example.net,+916426636210,Bengaluru,2025-04-03
CUST-10393,Ishanvi Kannan,ikbal15@example.net,5220617975,Delhi,2024-07-25
CUST-10394,Finn Acharya,chhabrasaksham@example.net,+916092400723,Delhi,2024-07-26
CUST-10395,Hiral Ratta,randhawamaya@example.com,4488845762,Mumbai,2024-11-25
CUST-10396,Indrajit Nayar,otiwari@example.org,8369135710,Mumbai,2024-11-12
CUST-10397,Chanakya Keer,lajita42@example.net,1039600393,Bengaluru,2025-05-02
CUST-10398,Ati Contractor,yashawini53@example.org,4604239448,Bengaluru,2026-02-05
CUST-10399,Prisha Rajagopalan,idara@example.org,7299199502,Mumbai,2025-10-25
CUST-10400,Janya Rastogi,jeet92@example.net,02887663212,Mumbai,2025-03-24
CUST-10401,Pratyush Shenoy,xbansal@example.net,0304240051,Delhi,2024-06-30
CUST-10402,Raghav Jaggi,amblewriddhish@example.net,02364880096,Delhi,2024-11-04
CUST-10403,Abha Saxena,goyalbarkha@example.com,5022490617,Bengaluru,2025-04-20
CUST-10404,Yashvi Gill,yashoda89@example.net,00105148494,Bengaluru,2026-02-18
CUST-10405,Ryan Narasimhan,ojasvisani@example.com,06093998343,Mumbai,2025-07-21
CUST-10406,Ranveer Patla,chadhaneel@example.org,06244199024,Delhi,2026-04-07
CUST-10407,Waida Khatri,ugoswami@example.net,+911894539210,Mumbai,2024-09-29
CUST-10408,Vyanjana Rege,daksheshgola@example.org,01632251140,Delhi,2026-04-09
CUST-10409,Wishi Kapur,fkashyap@example.com,05201459272,Mumbai,2025-08-10
CUST-10410,Vedhika Sekhon,varmabishakha@example.org,+919157531362,Bengaluru,2025-03-13
CUST-10411,Leena Pillai,yash51@example.com,1856354640,Bengaluru,2025-06-09
CUST-10412,Isaiah Barad,mahalamol@example.com,6349093661,Delhi,2025-10-08
CUST-10413,Manan Chada,brout@example.org,+910365404039,Mumbai,2025-10-12
CUST-10414,Anay Desai,jacobdevan@example.net,8044326184,Delhi,2025-11-07
CUST-10415,Qabil Comar,wsoni@example.net,+910400299832,Delhi,2024-10-11
CUST-10416,Wakeeta Doshi,patilmanbir@example.org,+914193353231,Bengaluru,2026-06-07
CUST-10417,Balendra Soman,choudhryupma@example.com,4390119872,Delhi,2025-01-21
CUST-10418,Hemani Jha,tararajagopal@example.org,04774921102,Bengaluru,2025-06-14
CUST-10419,Gautam Sekhon,yatan80@example.org,9342243969,Mumbai,2026-03-31
CUST-10420,Neel Kapoor,bmishra@example.com,+914857695827,Mumbai,2026-02-09
CUST-10421,Xalak Karnik,tripathiaarna@example.net,9418260446,Delhi,2024-07-14
CUST-10422,Jalsa Subramaniam,bosetamanna@example.org,07344788008,Mumbai,2026-01-16
CUST-10423,Chanchal Jaggi,balasubramanianfalak@example.com,5517431766,Bengaluru,2025-06-19
CUST-10424,Balveer Varughese,dhritidhar@example.com,04772886463,Mumbai,2025-07-24
CUST-10425,Adweta Sankar,bandidarsh@example.com,00068057686,Mumbai,2026-01-23
CUST-10426,Pooja Edwin,aahana32@example.com,+918679139892,Delhi,2024-10-17
CUST-10427,Warjas Chana,urishilla13@example.net,+918559183211,Mumbai,2026-01-10
CUST-10428,Brijesh Bera,gmodi@example.org,04848935701,Mumbai,2025-09-25
CUST-10429,Jai Ray,keeraarav@example.org,+910020994131,Bengaluru,2025-08-26
CUST-10430,Finn Bajwa,ranbir95@example.org,6773146735,Mumbai,2025-08-18
CUST-10431,Osha Aurora,vganesan@example.org,6646937963,Mumbai,2025-10-18
CUST-10432,Warhi Narain,rgade@example.org,1455659496,Delhi,2026-02-19
CUST-10433,Ikshita Narayan,anagi@example.com,+910283978043,Bengaluru,2026-05-24
CUST-10434,Noah Tata,kdada@example.org,+912482317952,Delhi,2025-01-16
CUST-10435,Hemani Bassi,amaira38@example.com,1247139380,Mumbai,2024-09-04
CUST-10436,Wridesh Deshmukh,hredhaankurian@example.com,9156984234,Mumbai,2026-04-16
CUST-10437,Anita Oak,salvikrisha@example.com,1156427256,Delhi,2026-04-09
CUST-10438,Samuel Kala,lhari@example.org,1966050697,Mumbai,2026-03-28
CUST-10439,Lohit Palla,ybala@example.org,+917492848302,Bengaluru,2026-04-03
CUST-10440,Gavin Deshmukh,mraju@example.com,6051667909,Bengaluru,2025-07-16
CUST-10441,Saanvi Luthra,gdash@example.com,07554278310,Delhi,2025-05-09
CUST-10442,Abdul Loke,pateljeevika@example.org,0646364643,Bengaluru,2024-08-22
CUST-10443,Zaid Bedi,kashvivyas@example.net,0055924186,Bengaluru,2024-07-16
CUST-10444,Guneet Sane,chackotriya@example.net,07339232434,Mumbai,2024-07-08
CUST-10445,Simon Sawhney,madanabeer@example.com,7060041711,Bengaluru,2026-04-21
CUST-10446,Arya Kala,chaudrysamuel@example.net,6674801370,Bengaluru,2026-04-29
CUST-10447,Yagnesh Dave,fagate@example.com,8348632556,Mumbai,2025-12-17
CUST-10448,Aarini Thakkar,ronith59@example.net,1050003036,Bengaluru,2026-04-01
CUST-10449,Mahika Basu,chanakyashenoy@example.com,+917109230366,Delhi,2025-05-31
CUST-10450,Hitesh Jaggi,farhanbala@example.org,04109009607,Mumbai,2026-01-13
CUST-10451,Prisha Sastry,vedhika12@example.net,5345093184,Delhi,2024-09-14
CUST-10452,Indali Mitter,faris97@example.org,+915178750548,Delhi,2024-08-15
CUST-10453,Manan Memon,csheth@example.net,+918143160143,Mumbai,2025-10-14
CUST-10454,Henry Srivastava,maanas63@example.com,+913576097188,Delhi,2024-09-13
CUST-10455,Garima Cherian,ikhurana@example.com,+918609649369,Bengaluru,2025-08-28
CUST-10456,Balvan Bali,arjun67@example.com,02241933036,Delhi,2024-10-18
CUST-10457,Oliver Karpe,pmorar@example.org,00483533462,Delhi,2025-11-05
CUST-10458,Anay Chanda,ykrishnamurthy@example.com,0442686007,Delhi,2024-12-24
CUST-10459,Rachana Patel,wchanda@example.org,00484875271,Mumbai,2024-07-19
CUST-10460,Vyanjana Kara,pahal01@example.com,05176120005,Mumbai,2025-12-06
CUST-10461,Veer Amble,ndhar@example.net,4533853784,Bengaluru,2025-09-04
CUST-10462,Jackson Grewal,rajeshrigandhi@example.com,04951573417,Delhi,2025-07-30
CUST-10463,Hemal Doshi,kaiamble@example.org,07126569334,Delhi,2025-03-15
CUST-10464,Jagdish Vora,msubramaniam@example.net,3757905349,Mumbai,2024-12-20
CUST-10465,Nisha Wable,anayjaggi@example.net,+916158491726,Mumbai,2024-12-17
CUST-10466,Vrishti Bajwa,deshmukhkrishna@example.net,1430510860,Mumbai,2026-03-25
CUST-10467,Yochana Devan,kapadiagautam@example.com,+912229560109,Delhi,2024-08-12
CUST-10468,Qabil Bains,ebasu@example.org,1782147258,Bengaluru,2025-11-27
CUST-10469,Vrinda Issac,warda04@example.net,03992460611,Delhi,2026-01-03
CUST-10470,Noah Nagy,chandanibuch@example.com,+912499440097,Bengaluru,2024-12-28
CUST-10471,Indira Ranganathan,butalacharles@example.net,02281867021,Delhi,2024-10-26
CUST-10472,Damini Dalal,frederick65@example.org,7873427199,Bengaluru,2026-02-16
CUST-10473,Osha Munshi,shankarteerth@example.com,04585261014,Delhi,2025-08-25
CUST-10474,Pushti Raju,pbassi@example.net,02825184580,Delhi,2025-10-02
CUST-10475,William Pandit,basakpallavi@example.org,04082060565,Mumbai,2026-05-21
CUST-10476,Zinal Sridhar,cdhawan@example.net,1229116327,Delhi,2025-03-13
CUST-10477,Arunima Kala,atiwari@example.net,7956441271,Bengaluru,2025-11-17
CUST-10478,Nitara Nadkarni,ekavirraval@example.net,+912997116374,Bengaluru,2025-12-06
CUST-10479,Eiravati Lalla,ldhar@example.com,00916532579,Mumbai,2025-03-15
CUST-10480,Samar Gara,czacharia@example.org,03340224548,Mumbai,2026-01-06
CUST-10481,Krish Pal,routnitara@example.com,1809336504,Bengaluru,2024-06-16
CUST-10482,Libni Agarwal,shethbhavani@example.com,06961545898,Delhi,2026-02-04
CUST-10483,Tanish Dixit,arajagopal@example.org,01436367004,Mumbai,2025-05-30
CUST-10484,Aradhana Buch,udyatiminhas@example.com,+911137161203,Bengaluru,2025-06-09
CUST-10485,Oliver Ratta,lavanyadutt@example.com,8881140344,Mumbai,2024-06-27
CUST-10486,Yahvi Rao,balveer23@example.com,+910082029077,Bengaluru,2025-03-20
CUST-10487,Udyati Upadhyay,brinda85@example.com,+916374299751,Bengaluru,2025-01-04
CUST-10488,Advik Date,adugal@example.net,3891710017,Bengaluru,2025-11-14
CUST-10489,Arjun Dube,logan35@example.com,03958735424,Mumbai,2025-03-03
CUST-10490,Nathaniel Kant,kbarad@example.net,+911416590390,Mumbai,2025-08-13
CUST-10491,Jeet Nayar,yutikabalasubramanian@example.org,01751058791,Bengaluru,2025-12-14
CUST-10492,Caleb Das,idika19@example.org,04144158237,Bengaluru,2026-03-12
CUST-10493,Pahal Rai,wmander@example.org,07524489993,Mumbai,2025-01-29
CUST-10494,Triveni Ray,mayajaggi@example.com,00071552028,Bengaluru,2025-04-25
CUST-10495,Lakshit Dash,manne@example.org,4896339900,Bengaluru,2025-05-04
CUST-10496,Saumya Borah,vkhare@example.com,2424022039,Mumbai,2026-04-22
CUST-10497,Urvi Mohan,kamala49@example.org,+913509366542,Delhi,2025-07-16
CUST-10498,Nathaniel Ramesh,butalarishi@example.net,0839203228,Delhi,2025-10-20
CUST-10499,Nirja Vala,deepashah@example.org,+910354169514,Mumbai,2025-01-02
CUST-10500,Ayush Walla,ekapad98@example.com,5728274423,Mumbai,2025-10-20
CUST-10501,Ria Murthy,ubika32@example.com,+912672389363,Bengaluru,2025-11-20
CUST-10502,Onveer Bandi,amol31@example.org,4899651739,Mumbai,2024-06-20
CUST-10503,Saksham Pau,udarsh94@example.com,+911874158335,Mumbai,2025-12-30
CUST-10504,Chakrika Khurana,yashmisra@example.com,7225357130,Mumbai,2025-09-30
CUST-10505,Nathan Gaba,aroranoah@example.com,9673453601,Delhi,2025-03-12
CUST-10506,Lavanya Amble,azadloke@example.org,3096001777,Delhi,2024-11-26
CUST-10507,Pahal Lall,daroni@example.org,+914542083406,Delhi,2024-06-07
CUST-10508,Wakeeta Joshi,chakradev08@example.org,1264963562,Bengaluru,2025-12-05
CUST-10509,George Goda,tdugar@example.org,9742681987,Delhi,2025-01-01
CUST-10510,Ishanvi Sarna,khatrichaaya@example.com,+915587420414,Delhi,2025-07-08
CUST-10511,Ayush Vala,dominicdubey@example.org,+910073307479,Delhi,2024-12-11
CUST-10512,Anya Naik,brijeshlala@example.com,07382551967,Delhi,2026-01-27
CUST-10513,Yochana Swamy,wkari@example.net,6940818999,Delhi,2025-07-12
CUST-10514,Yashoda Kala,zacharianirja@example.net,+910173067970,Delhi,2025-01-18
CUST-10515,Oeshi Gupta,uratta@example.net,+916486567948,Mumbai,2025-07-12
CUST-10516,Mahika Dhar,daksha47@example.org,09581439242,Bengaluru,2026-04-16
CUST-10517,Ganga Hari,ekbal71@example.org,+912444140649,Bengaluru,2026-05-30
CUST-10518,Abeer Rajan,hgandhi@example.net,07966622641,Mumbai,2025-11-22
CUST-10519,Gavin Bala,bhavna55@example.com,9975731671,Mumbai,2024-07-15
CUST-10520,Udant Kadakia,ganeshwahab@example.net,09658507781,Mumbai,2025-08-26
CUST-10521,Jatin Chad,priya95@example.com,03396405602,Bengaluru,2025-03-23
CUST-10522,Krishna Bajwa,omallick@example.com,4217253586,Mumbai,2025-09-13
CUST-10523,Atharv Ahuja,sekhonfalguni@example.net,+919787374859,Bengaluru,2024-06-30
CUST-10524,Keya Reddy,gandhiekbal@example.com,+910098063293,Delhi,2025-06-22
CUST-10525,Alka Sharma,upadhriti08@example.com,+918573364567,Bengaluru,2024-07-06
CUST-10526,Harsh Dada,wsrivastava@example.com,+919463935844,Mumbai,2024-10-19
CUST-10527,Tarak Mohanty,aarnamahajan@example.net,2749940691,Bengaluru,2025-05-14
CUST-10528,Timothy Soni,qarin45@example.com,+916013077018,Bengaluru,2024-11-27
CUST-10529,Yoshita Kumer,onveerganesan@example.org,6709462107,Delhi,2024-11-24
CUST-10530,Ekavir Tiwari,upadhritimahal@example.com,7642705409,Bengaluru,2024-11-10
CUST-10531,Timothy Bhavsar,wyattkalita@example.com,5153045640,Mumbai,2025-10-05
CUST-10532,Shivansh Mohan,basuzaid@example.com,04837711682,Mumbai,2026-01-18
CUST-10533,Manbir Patla,shravyathakkar@example.com,5247923410,Bengaluru,2025-10-20
CUST-10534,Yashvi Jayaraman,akshay98@example.net,+913212029819,Bengaluru,2024-08-01
CUST-10535,Vrishti Raja,pushtichad@example.com,+911480902440,Delhi,2025-06-24
CUST-10536,Kala Lanka,chatresh25@example.net,00556074843,Mumbai,2025-05-25
CUST-10537,Eiravati Nath,meghakonda@example.net,1705355864,Bengaluru,2025-01-10
CUST-10538,Pahal Thaker,randhawanihal@example.com,9084912769,Delhi,2025-04-30
CUST-10539,Nathaniel Ranganathan,bachittarkhanna@example.org,0500428980,Delhi,2024-07-26
CUST-10540,Vihaan Wable,lswaminathan@example.net,1866413953,Delhi,2026-04-29
CUST-10541,Urvi Gill,manya75@example.com,03832862525,Bengaluru,2025-07-11
CUST-10542,Krishna Mannan,sarora@example.net,+912069421788,Mumbai,2025-10-21
CUST-10543,Simon Sawhney,chaitanya66@example.com,+919934765429,Bengaluru,2026-05-14
CUST-10544,Odika Natt,chanderladli@example.com,+911004124111,Mumbai,2024-07-08
CUST-10545,Harita Soman,rehaannayak@example.com,+912263338912,Delhi,2025-04-20
CUST-10546,Pavani Sibal,fray@example.net,+914039814066,Mumbai,2025-06-02
CUST-10547,Harsh Cheema,gokhaleaarav@example.org,02099189541,Delhi,2024-11-04
CUST-10548,Frederick Ghose,bachittarshetty@example.com,5740607965,Mumbai,2026-05-27
CUST-10549,Eiravati Sridhar,gautamrout@example.net,+919776262929,Bengaluru,2024-12-29
CUST-10550,Hiral Din,yashoda13@example.org,07913967969,Bengaluru,2025-09-13
CUST-10551,Gavin Garde,advaith59@example.org,07501327420,Delhi,2025-06-16
CUST-10552,Yug Chandran,onkardugal@example.com,3320387203,Bengaluru,2024-08-23
CUST-10553,Ekaraj Kala,mkala@example.net,00904250506,Bengaluru,2025-02-26
CUST-10554,Henry Lal,deabeer@example.org,+910198973099,Mumbai,2024-12-27
CUST-10555,Adweta Golla,miteshyogi@example.org,5467715091,Mumbai,2024-08-10
CUST-10556,Rachana Gala,mekhalapai@example.net,3070037196,Bengaluru,2025-05-22
CUST-10557,Zehaan Gole,nmadan@example.org,08268216814,Bengaluru,2024-11-16
CUST-10558,Madhav Misra,padmanabhanqushi@example.net,+919336388415,Delhi,2025-02-09
CUST-10559,Anjali Mangal,fsekhon@example.net,9017345312,Bengaluru,2024-06-13
CUST-10560,Chaitaly Bhandari,ngara@example.net,7880165208,Mumbai,2025-11-03
CUST-10561,Chandresh Contractor,vinayacherian@example.net,04271701892,Delhi,2025-11-02
CUST-10562,Nisha Krishna,vdesai@example.org,+914106284459,Bengaluru,2025-01-27
CUST-10563,Kamala Khare,ushah@example.com,03875689386,Mumbai,2025-03-30
CUST-10564,Jagat Sarraf,udarshiyer@example.net,04035614872,Delhi,2026-01-14
CUST-10565,Chandran Choudhary,ronith59@example.net,6568967363,Bengaluru,2024-10-30
CUST-10566,Bhavna Randhawa,duttasamesh@example.com,+919457539488,Bengaluru,2026-04-29
CUST-10567,Eta Acharya,iyerbishakha@example.com,02212549973,Delhi,2024-10-25
CUST-10568,Devika Balan,wmangat@example.org,06615341007,Mumbai,2025-08-15
CUST-10569,Zilmil Goyal,cprakash@example.org,3405699197,Mumbai,2024-06-17
CUST-10570,Agastya Karan,krishna01@example.com,+913899847714,Bengaluru,2024-07-03
CUST-10571,Frado Roy,lbassi@example.org,00317016944,Mumbai,2025-08-21
CUST-10572,Kala Choudhary,mitesh89@example.com,04301322567,Delhi,2025-10-09
CUST-10573,Odika Kara,parmergaurav@example.net,+917254299627,Bengaluru,2024-08-26
CUST-10574,Shivansh Tak,kritikadutt@example.net,01492703447,Bengaluru,2026-06-01
CUST-10575,Pushti Jaggi,ria93@example.org,+910486274353,Bengaluru,2026-02-18
CUST-10576,Indrajit Kannan,shroffshivansh@example.com,02560253534,Mumbai,2025-05-10
CUST-10577,Quincy Agarwal,unni14@example.com,05881250798,Bengaluru,2024-10-21
CUST-10578,Megha Thaker,vanshasridhar@example.com,05180949363,Mumbai,2024-10-07
CUST-10579,Zayyan Deshpande,vrishti85@example.net,03099290116,Delhi,2024-08-17
CUST-10580,Veer Apte,yashviminhas@example.net,3083219256,Bengaluru,2025-04-30
CUST-10581,Benjamin Arya,priyanayak@example.com,04664633716,Mumbai,2024-08-04
CUST-10582,Rohan Shukla,mananraj@example.com,+913839195898,Delhi,2024-06-30
CUST-10583,Ishani Atwal,adweta87@example.net,8434834626,Mumbai,2026-01-11
CUST-10584,Anjali Rajagopal,falangarg@example.net,+910899075469,Bengaluru,2024-10-26
CUST-10585,Lohit Ben,nagarajanaayush@example.com,+915213262494,Mumbai,2025-06-09
CUST-10586,Aadi Rao,aarini08@example.org,04541763700,Bengaluru,2024-08-04
CUST-10587,Prisha Swaminathan,hparikh@example.com,+919511733066,Bengaluru,2024-12-31
CUST-10588,Anthony Kar,sarmaharrison@example.net,3336507884,Bengaluru,2026-05-19
CUST-10589,Ucchal Parikh,harish63@example.com,05569697083,Bengaluru,2025-05-23
CUST-10590,Harish Kale,zarnabaral@example.org,07497308813,Bengaluru,2025-09-14
CUST-10591,Bhavna Kala,rayaanramachandran@example.net,04569927353,Delhi,2026-03-30
CUST-10592,Oviya Narasimhan,mekhala05@example.com,+910018679404,Delhi,2026-01-22
CUST-10593,Alexander Barad,berazayyan@example.com,+913671823648,Bengaluru,2026-05-13
CUST-10594,Advay Jayaraman,om70@example.org,+919296998797,Mumbai,2024-11-17
CUST-10595,Qadim Hans,kalitaishita@example.org,03521470010,Bengaluru,2024-06-24
CUST-10596,Vasudha Munshi,suhani25@example.org,04310709939,Bengaluru,2026-04-15
CUST-10597,Ekanta Gour,hardik43@example.net,9263508435,Bengaluru,2026-05-11
CUST-10598,Vyanjana Mutti,zashilnayar@example.org,+918717887942,Delhi,2024-10-19
CUST-10599,Pranav Gokhale,dominic79@example.net,+915861408615,Mumbai,2025-02-06
CUST-10600,Naveen Dass,singhmichael@example.org,1749122286,Mumbai,2026-05-11
CUST-10601,Pranit Ray,gabriel39@example.net,1095964115,Bengaluru,2026-01-06
CUST-10602,Harish Mallick,vkrishnamurthy@example.com,05329448795,Delhi,2024-11-24
CUST-10603,Ishaan Sawhney,jackson94@example.org,+917607922363,Delhi,2025-10-08
CUST-10604,Pushti Pillai,vasanavirk@example.com,09583172087,Bengaluru,2025-08-31
CUST-10605,Balendra Krishnamurthy,kuruvillazaid@example.com,04786901292,Bengaluru,2025-10-26
CUST-10606,Fiyaz Mani,esachar@example.org,05475071301,Mumbai,2025-03-09
CUST-10607,Janaki Kalla,amolkalla@example.net,+910197537375,Bengaluru,2025-09-26
CUST-10608,Jonathan Kannan,vasanaaurora@example.net,+917684416814,Mumbai,2024-07-14
CUST-10609,Michael Sethi,xthakur@example.org,+911237982298,Delhi,2025-06-24
CUST-10610,Finn Toor,prabhumaanav@example.com,01703113677,Mumbai,2025-02-05
CUST-10611,Manthan Bhardwaj,mitalikashyap@example.net,+913171464342,Bengaluru,2026-01-13
CUST-10612,Girik D’Alia,csahni@example.com,+919916385309,Mumbai,2024-07-08
CUST-10613,Chaitanya Borde,yviswanathan@example.net,8455394040,Mumbai,2024-07-12
CUST-10614,Vedant Nayar,gmitra@example.net,2931316362,Mumbai,2025-06-04
CUST-10615,Lila Das,matthew92@example.org,9259460442,Bengaluru,2025-03-09
CUST-10616,Samuel Loyal,aaravsood@example.org,7797724127,Mumbai,2025-06-17
CUST-10617,Om Dhar,ekanshsha@example.com,+918249835052,Mumbai,2025-07-27
CUST-10618,Upkaar Chad,zaidmammen@example.net,7733382615,Delhi,2024-07-11
CUST-10619,Ati Khare,mayapradhan@example.org,01987237579,Mumbai,2025-04-26
CUST-10620,Saanvi Bhattacharyya,psom@example.com,+911291477340,Bengaluru,2025-05-17
CUST-10621,Pranit Nair,bailgunbir@example.org,+914209121430,Delhi,2026-01-05
CUST-10622,Falguni Iyer,irajan@example.com,+917125199175,Delhi,2025-08-13
CUST-10623,Saksham Balay,jagvi21@example.org,+916539702484,Mumbai,2024-09-29
CUST-10624,Warda Kohli,obhatti@example.com,8569167643,Delhi,2025-07-01
CUST-10625,Ayush Contractor,upasnabal@example.com,01615482662,Bengaluru,2026-03-11
CUST-10626,Bhavani Madan,harilaksh@example.net,04346886563,Bengaluru,2026-03-18
CUST-10627,Guneet Chandran,vidhi77@example.com,1322610324,Mumbai,2024-07-29
CUST-10628,Mekhala Dhar,ugoda@example.org,00044456462,Bengaluru,2026-01-20
CUST-10629,Dakshesh Iyengar,ekiya79@example.net,05331974689,Delhi,2024-10-28
CUST-10630,Warhi Kata,aahanaom@example.org,+918552401353,Bengaluru,2024-10-29
CUST-10631,Gautam Karan,yashodhara02@example.com,06832630759,Delhi,2026-05-16
CUST-10632,Zinal Sharaf,unnatiiyengar@example.com,05402223169,Bengaluru,2025-03-05
CUST-10633,Leela Shroff,aryandhingra@example.com,06731821637,Delhi,2025-12-05
CUST-10634,Yashica Kota,sathvikben@example.net,07699171436,Mumbai,2024-12-02
CUST-10635,Harinakshi Konda,nsarraf@example.com,+911196467254,Bengaluru,2026-02-15
CUST-10636,Theodore Pandya,fhora@example.net,+916057850530,Mumbai,2026-01-26
CUST-10637,Matthew Borde,paninibatta@example.net,8072555620,Bengaluru,2024-06-14
CUST-10638,Simon Kanda,panchalpooja@example.net,+916916621723,Bengaluru,2025-05-24
CUST-10639,Pushti Bahri,sankarjagrati@example.org,08554215890,Delhi,2025-07-05
CUST-10640,Nitara Mandal,pranav06@example.net,+911704359888,Delhi,2026-06-06
CUST-10641,Michael Kumar,finnchaudhary@example.org,5148985370,Mumbai,2024-06-11
CUST-10642,Samuel Dhawan,pathakyashasvi@example.org,3186790408,Bengaluru,2025-03-21
CUST-10643,Kabir Dixit,simon42@example.org,05213705202,Mumbai,2024-12-22
CUST-10644,Yatan Rajagopalan,yashica22@example.net,+917914506518,Delhi,2024-06-18
CUST-10645,Nilima Hari,bahadurjit95@example.com,03685553269,Mumbai,2025-05-05
CUST-10646,Bhavya Handa,sakshamnagar@example.org,09404894913,Mumbai,2024-08-29
CUST-10647,Eshana Oommen,bimalakohli@example.com,+912627049054,Mumbai,2024-06-25
CUST-10648,Anjali D’Alia,kamalagupta@example.com,06034341905,Delhi,2026-03-10
CUST-10649,Gunbir Chowdhury,znarayanan@example.net,09664010436,Bengaluru,2024-06-22
CUST-10650,Timothy Mand,vedachaudhari@example.com,+916272453466,Delhi,2025-11-13
CUST-10651,Harrison Bhasin,zravel@example.org,+913865525721,Delhi,2024-07-10
CUST-10652,Harita Bhardwaj,vivaanravel@example.net,+913922801301,Mumbai,2026-05-25
CUST-10653,Dhruv Rajagopalan,leelaarora@example.com,+918343997925,Mumbai,2025-05-31
CUST-10654,Aradhana Misra,keya14@example.com,07317263532,Bengaluru,2025-04-01
CUST-10655,Neelima Deshpande,jack16@example.org,+912588386484,Delhi,2025-03-21
CUST-10656,Balveer Oak,xmuni@example.org,04927683996,Bengaluru,2024-12-22
CUST-10657,Alexander Kant,nandini95@example.com,4011645771,Mumbai,2024-06-27
CUST-10658,Azad Brahmbhatt,karaaarini@example.org,03219289938,Bengaluru,2024-11-07
CUST-10659,Chaitaly Bains,cagrawal@example.org,8195829436,Mumbai,2025-03-02
CUST-10660,Bahadurjit Bava,duttzayyan@example.net,+915854298986,Delhi,2025-11-27
CUST-10661,Ekiya Vora,odani@example.net,01769437587,Bengaluru,2024-10-01
CUST-10662,Vansha Garg,zbaral@example.com,+915322660639,Mumbai,2026-04-28
CUST-10663,Anvi Kalla,shettydarsh@example.org,08556962592,Mumbai,2024-12-27
CUST-10664,Aishani Pai,uchaudhari@example.org,04576829433,Delhi,2025-08-20
CUST-10665,Upkaar Kashyap,iiyengar@example.net,8261058383,Bengaluru,2024-10-14
CUST-10666,Unni Lad,sacharzehaan@example.net,+919758003667,Bengaluru,2026-03-27
CUST-10667,Pooja Dhar,hsoman@example.org,+911794134523,Bengaluru,2025-09-27
CUST-10668,Dayamai Dhaliwal,kmital@example.net,04187661894,Mumbai,2026-03-21
CUST-10669,Aarush Samra,shanaveen@example.net,1083828783,Mumbai,2026-02-13
CUST-10670,Arjun Sachdeva,tandonisaac@example.com,+915610610938,Mumbai,2024-08-02
CUST-10671,Nathaniel Subramaniam,purohitethan@example.net,1907502994,Bengaluru,2026-01-31
CUST-10672,Janaki Ganesh,william79@example.org,08042292498,Bengaluru,2024-08-10
CUST-10673,Jonathan Khosla,waliabhiram@example.net,04624955720,Mumbai,2026-02-12
CUST-10674,Qabil Dubey,aadhyakapadia@example.com,+917108802326,Delhi,2026-04-30
CUST-10675,Logan Sur,qarin64@example.org,05866833245,Delhi,2024-08-11
CUST-10676,Logan Suri,libniuppal@example.org,2230826758,Bengaluru,2025-09-27
CUST-10677,Yochana Pall,kulkarnidarsh@example.org,9863547381,Bengaluru,2024-10-06
CUST-10678,Vrinda Amble,saumya27@example.com,2023368558,Bengaluru,2025-03-15
CUST-10679,Andrew Varma,balvanagrawal@example.org,4087129068,Mumbai,2026-05-18
CUST-10680,Harini Yogi,bimala06@example.net,7759718388,Bengaluru,2026-04-18
CUST-10681,Libni Datta,patlaekanta@example.com,5478164917,Delhi,2024-12-21
CUST-10682,Pratyush Garg,charles56@example.org,09663572904,Mumbai,2025-12-04
CUST-10683,Vasudha Savant,udarsh89@example.net,01017683764,Mumbai,2026-01-07
CUST-10684,Janaki Keer,soodkaran@example.org,06123249107,Bengaluru,2024-07-30
CUST-10685,Falak Choudhry,valaleela@example.com,5388381460,Bengaluru,2025-10-17
CUST-10686,Kai Yohannan,dewanishwar@example.org,5645487186,Delhi,2026-05-27
CUST-10687,Nitesh Nair,darayasti@example.org,+919025943292,Bengaluru,2025-09-16
CUST-10688,Deepa Grover,venkataramanomya@example.org,7338545583,Bengaluru,2024-09-08
CUST-10689,Mitali Dyal,turvi20@example.com,+913461690758,Delhi,2026-01-25
CUST-10690,Anya Amble,mahajansaanvi@example.org,+914186866299,Mumbai,2025-02-13
CUST-10691,Brijesh Chaudhuri,cdyal@example.org,08430936303,Mumbai,2025-03-21
CUST-10692,Saksham Agate,sanayaparsa@example.org,08187094062,Delhi,2025-01-05
CUST-10693,Ayaan Wagle,samamitali@example.com,+918291674347,Delhi,2024-09-18
CUST-10694,Nitesh Randhawa,grovermichael@example.com,07231305421,Delhi,2024-11-28
CUST-10695,Teerth Bhargava,dayitapurohit@example.net,02322637462,Bengaluru,2025-11-08
CUST-10696,Jai Grewal,mugdha49@example.net,05673178153,Mumbai,2024-06-09
CUST-10697,Yatin Oza,gpurohit@example.net,+911819945788,Delhi,2025-12-07
CUST-10698,Kalpit Kota,zsood@example.net,+911043141965,Delhi,2025-10-12
CUST-10699,Lavanya Talwar,zayanraja@example.org,+913595808545,Delhi,2025-02-15
CUST-10700,Amol Dube,daveanvi@example.com,1099827080,Bengaluru,2025-08-31
CUST-10701,Mitali Murthy,manyabanerjee@example.net,+915850257034,Delhi,2025-08-16
CUST-10702,Lekha Roy,anandjanya@example.net,+919247097232,Bengaluru,2024-09-30
CUST-10703,Nidra Dubey,chaudhariqadim@example.org,9049443573,Mumbai,2026-06-02
CUST-10704,Rachit Narain,bawachakradhar@example.net,2223597361,Delhi,2025-02-05
CUST-10705,Jagvi Karpe,wadhwachandani@example.org,5327721195,Mumbai,2024-08-29
CUST-10706,Kala Deo,leena81@example.net,08602817758,Bengaluru,2026-02-17
CUST-10707,Madhav Varty,walidaniel@example.org,05408701901,Bengaluru,2024-07-28
CUST-10708,Orinder Anne,lohit87@example.org,7647436936,Bengaluru,2024-11-12
CUST-10709,Anya Srinivasan,ekalinga52@example.com,02983731076,Bengaluru,2025-10-17
CUST-10710,Tanvi Bhakta,dugallaban@example.org,6989490797,Bengaluru,2025-02-07
CUST-10711,Anya Agarwal,jhalak64@example.net,04271565222,Bengaluru,2025-06-18
CUST-10712,Hemang Tella,hbala@example.com,09936663588,Delhi,2025-11-19
CUST-10713,Qabil Arora,zachariahishanvi@example.com,5657307304,Delhi,2025-01-20
CUST-10714,Advik Doctor,manya50@example.com,00188746369,Mumbai,2024-07-04
CUST-10715,Maya Chanda,nbora@example.com,2886609606,Mumbai,2025-10-27
CUST-10716,Yasti Pai,upkaar89@example.com,+912176120817,Bengaluru,2026-04-16
CUST-10717,Amruta Vig,madanraksha@example.net,+918705992262,Bengaluru,2025-09-19
CUST-10718,Tristan Cheema,aarav78@example.net,+916583226856,Mumbai,2025-07-01
CUST-10719,Ekta Kara,osaran@example.com,00117744846,Delhi,2025-04-02
CUST-10720,Vedant Dube,gnadkarni@example.org,02788084095,Bengaluru,2024-11-20
CUST-10721,Devika Misra,farhanradhakrishnan@example.org,3324630066,Mumbai,2025-10-02
CUST-10722,Mekhala Sridhar,sara20@example.org,06824757817,Bengaluru,2025-03-24
CUST-10723,Saumya Korpal,qmurty@example.org,4735699224,Delhi,2026-05-08
CUST-10724,Ekta Vasa,duarajeshri@example.com,03468704967,Mumbai,2025-10-27
CUST-10725,Barkha Garde,frederick24@example.org,+911486141908,Bengaluru,2025-03-18
CUST-10726,Noah Pal,veervora@example.org,1487607671,Bengaluru,2024-08-29
CUST-10727,Aryan Dewan,bhagatisaiah@example.net,03149163963,Delhi,2024-08-31
CUST-10728,Darpan Seth,pranavdayal@example.com,9997112150,Delhi,2025-12-09
CUST-10729,Yagnesh Pathak,cchaudhuri@example.com,+912093655168,Delhi,2024-11-18
CUST-10730,Wridesh Verma,libni71@example.com,08909128363,Delhi,2025-12-13
CUST-10731,Ayaan Chada,aptekiaan@example.org,02388233052,Delhi,2024-09-08
CUST-10732,Champak Om,bhardwajekaraj@example.net,09846128611,Delhi,2026-01-24
CUST-10733,Ayaan Singhal,eiravati16@example.com,+919511352647,Bengaluru,2026-02-07
CUST-10734,Dev Banerjee,watika39@example.com,04521336134,Delhi,2026-04-03
CUST-10735,Falak Kumer,tbasak@example.com,0822341381,Mumbai,2026-04-06
CUST-10736,Nikita Sunder,krishbora@example.com,+910867312215,Bengaluru,2024-07-08
CUST-10737,Hemang Murty,ibalay@example.com,+917156151086,Delhi,2025-08-25
CUST-10738,Mason More,dhruvmani@example.org,8930997413,Delhi,2025-03-13
CUST-10739,Niharika Shan,balvanborde@example.org,6946496089,Delhi,2026-04-08
CUST-10740,Ekaja Mahal,hiral38@example.com,+916176188807,Mumbai,2024-09-21
CUST-10741,Harinakshi Vora,abora@example.org,+911348708647,Mumbai,2026-05-18
CUST-10742,Eiravati Kaur,iyerranbir@example.net,02824640013,Delhi,2025-02-20
CUST-10743,Ubika Shanker,malhotradayamai@example.net,0257503731,Delhi,2025-03-30
CUST-10744,Manbir Chowdhury,ishaanpurohit@example.net,2216696130,Delhi,2025-08-29
CUST-10745,Teerth Buch,pateltamanna@example.com,9182932353,Delhi,2025-03-12
CUST-10746,Aishani Prakash,saidara@example.net,7722808142,Mumbai,2024-08-30
CUST-10747,Jatin Taneja,vihaanprabhu@example.com,06370568583,Delhi,2024-09-24
CUST-10748,Baghyawati Bandi,gayathri59@example.com,5072538101,Delhi,2024-06-15
CUST-10749,Anirudh Panchal,mitaldalbir@example.com,+911055942004,Mumbai,2025-05-19
CUST-10750,Onveer Bains,maanav50@example.com,2195910986,Bengaluru,2026-03-12
CUST-10751,Dipta Chana,ikrishna@example.net,06593803867,Bengaluru,2024-06-16
CUST-10752,Zinal Batra,yuvrajsaha@example.com,+917026350756,Bengaluru,2024-07-11
CUST-10753,Vrinda Sani,harita92@example.org,9927249123,Bengaluru,2024-06-13
CUST-10754,Shravya Tata,mitrahitesh@example.org,03423684588,Delhi,2025-01-17
CUST-10755,Christopher Desai,eta09@example.com,4311867838,Delhi,2026-03-09
CUST-10756,Abha Dada,luckybava@example.com,02071111592,Delhi,2024-11-29
CUST-10757,Gaurav Banik,vanyamishra@example.net,05372355282,Bengaluru,2026-04-06
CUST-10758,Dhruv Mital,sharafvamakshi@example.net,0594704186,Mumbai,2024-06-27
CUST-10759,Henry Ray,usuri@example.org,07684777362,Mumbai,2026-01-13
CUST-10760,Shivansh Raval,daksheshnarang@example.org,4886410881,Mumbai,2025-07-25
CUST-10761,Jeevika Baral,calebvala@example.org,+919029048311,Mumbai,2024-08-28
CUST-10762,Owen Ravi,rattananay@example.net,08906954099,Delhi,2025-09-20
CUST-10763,Hardik Deol,dchoudhary@example.net,5748198456,Delhi,2025-07-03
CUST-10764,Qushi Joshi,isaacbhat@example.net,08159653645,Delhi,2024-08-17
CUST-10765,Edhitha Chauhan,bdalal@example.org,03518301289,Delhi,2024-07-02
CUST-10766,Matthew Biswas,csarna@example.org,6047881893,Mumbai,2024-08-19
CUST-10767,Manbir Johal,dassdaksha@example.net,+911621338844,Mumbai,2024-08-30
CUST-10768,Anusha Koshy,pillaijonathan@example.org,3901189182,Delhi,2024-07-22
CUST-10769,Qasim Bhatnagar,ekta16@example.net,+916577156526,Delhi,2026-03-01
CUST-10770,Mohini Patla,swaminathanzilmil@example.net,07223225774,Bengaluru,2026-05-12
CUST-10771,Daksh Gara,anjaliwarrior@example.net,09035964926,Delhi,2025-07-12
CUST-10772,Owen Ahuja,kbalakrishnan@example.org,+917041780624,Mumbai,2024-07-10
CUST-10773,Anika Kale,warinder60@example.net,0444155921,Delhi,2024-07-17
CUST-10774,Onveer Palla,hdeep@example.org,+910554272475,Mumbai,2025-12-25
CUST-10775,Lekha Karan,aashibumb@example.com,02536096745,Mumbai,2024-10-01
CUST-10776,Odika Dar,anika51@example.net,2496343666,Bengaluru,2025-07-19
CUST-10777,Anusha Borah,rehaan07@example.org,0903149565,Bengaluru,2025-08-30
CUST-10778,Zinal Sama,chaturagade@example.net,+915451062783,Bengaluru,2026-01-14
CUST-10779,Darpan Bhat,ghoseyug@example.org,+918279061197,Mumbai,2025-03-25
CUST-10780,Reyansh Barad,farajchokshi@example.net,4345449816,Bengaluru,2025-11-13
CUST-10781,Ekani Kaur,mitalekaraj@example.org,01287573885,Bengaluru,2025-07-29
CUST-10782,Lakshmi Deep,mukhopadhyaygaurang@example.com,05065224639,Delhi,2025-06-13
CUST-10783,Ekantika Tella,ksami@example.org,9414788010,Mumbai,2025-04-22
CUST-10784,Jhalak Bhatti,bchada@example.net,+918455423584,Bengaluru,2026-03-18
CUST-10785,Faraj Pathak,nakul58@example.net,03406868933,Bengaluru,2024-09-12
CUST-10786,Chaitaly Chhabra,abhiramkalita@example.net,07384220321,Mumbai,2025-03-26
CUST-10787,Leela Nanda,abhiramsheth@example.net,05564176170,Delhi,2025-10-17
CUST-10788,Vasana Mangal,bobaljyoti@example.com,9257315025,Mumbai,2026-05-24
CUST-10789,Reyansh Gopal,zmishra@example.org,09070232093,Bengaluru,2025-07-11
CUST-10790,Yashvi Mohan,gabrielkala@example.net,02520045201,Bengaluru,2025-07-05
CUST-10791,Reyansh Swamy,danianirudh@example.net,+916056607583,Bengaluru,2024-09-09
CUST-10792,Qadim D’Alia,tanveersoni@example.com,01978014049,Mumbai,2025-06-05
CUST-10793,Veer Bobal,guptaviraj@example.net,2123253983,Delhi,2025-01-26
CUST-10794,Ubika Sharma,oom@example.com,5853509363,Delhi,2025-09-08
CUST-10795,Patrick Jayaraman,chaayaatwal@example.org,9697030855,Delhi,2024-06-10
CUST-10796,Alexander Bedi,pahalissac@example.net,+917174535754,Bengaluru,2026-03-11
CUST-10797,Yasti Dara,wchadha@example.com,+916815196101,Delhi,2026-03-04
CUST-10798,Owen Sinha,osha76@example.net,+915476586981,Mumbai,2025-11-28
CUST-10799,Bhavini Bhakta,talwarrachit@example.com,08162660964,Mumbai,2024-11-01
CUST-10800,Gautam Karpe,niteshmohan@example.org,2741821809,Mumbai,2025-12-18
CUST-10801,Rehaan Kata,yoshitagolla@example.org,00615360679,Bengaluru,2026-01-23
CUST-10802,Wakeeta Behl,mekhala01@example.net,+915580580600,Delhi,2025-08-26
CUST-10803,Aarnav Devi,janaki97@example.org,08310789710,Delhi,2024-09-07
CUST-10804,Ekansh Sur,parth76@example.com,+913003619721,Delhi,2024-10-19
CUST-10805,Krishna Master,chakradev25@example.org,00691109834,Mumbai,2025-09-04
CUST-10806,Hredhaan Apte,acontractor@example.org,05181920157,Delhi,2026-02-09
CUST-10807,Hardik Sachar,duaadvika@example.com,01991204303,Delhi,2026-04-27
CUST-10808,Odika Chada,robertbala@example.net,08933321237,Mumbai,2025-07-23
CUST-10809,Anita Chawla,rajqarin@example.net,+913528301162,Bengaluru,2025-01-06
CUST-10810,Yashvi Dugar,virkosha@example.com,+913511594806,Delhi,2026-05-27
CUST-10811,Eesha Buch,saneteerth@example.net,01410361734,Mumbai,2025-08-06
CUST-10812,Rachit Mallick,brardayamai@example.org,8784343183,Mumbai,2025-02-11
CUST-10813,Yahvi Kuruvilla,qushi44@example.org,06796445433,Delhi,2026-05-04
CUST-10814,Ishwar Vala,tanvi08@example.net,6814369846,Mumbai,2026-01-13
CUST-10815,Jonathan Kothari,dyaltriveni@example.net,05803437764,Delhi,2025-07-31
CUST-10816,Vritti Mangat,borahpranit@example.net,05615541872,Mumbai,2025-04-20
CUST-10817,Charita Tank,nisha45@example.com,+911363084894,Mumbai,2025-11-10
CUST-10818,George Talwar,frado10@example.net,+913228149007,Mumbai,2025-10-17
CUST-10819,Alexander Buch,korpalrajeshri@example.org,7742747574,Mumbai,2024-06-21
CUST-10820,Chasmum Srinivas,anikakade@example.com,5638822322,Bengaluru,2024-10-15
CUST-10821,Zayyan Nazareth,advaithkohli@example.org,09725536047,Bengaluru,2025-02-18
CUST-10822,Umang Tata,avidora@example.net,+914762169925,Bengaluru,2024-08-02
CUST-10823,Dhruv Kapadia,faraj81@example.org,0660565979,Mumbai,2025-11-08
CUST-10824,Adya Pillay,mugdhachadha@example.org,03418454645,Bengaluru,2025-08-17
CUST-10825,Gaurangi Handa,ladladli@example.net,00528981113,Bengaluru,2025-03-24
CUST-10826,Hamsini Sidhu,indrajit08@example.net,5813656247,Delhi,2024-11-04
CUST-10827,Kai Chakraborty,mishraabha@example.net,8054093646,Bengaluru,2025-06-02
CUST-10828,Idika Kohli,nagylaksh@example.org,2986987787,Bengaluru,2025-05-28
CUST-10829,Veer Kala,nitara32@example.com,+914527302453,Delhi,2024-07-27
CUST-10830,Siddharth Ganguly,vedikabassi@example.org,+917542587128,Delhi,2025-08-18
CUST-10831,Triveni Dugar,ramgauri@example.com,+919955405197,Bengaluru,2025-02-04
CUST-10832,Yashawini Dora,pooja13@example.org,02742737483,Bengaluru,2026-03-12
CUST-10833,Maanav Apte,chatreshraja@example.org,4190599468,Delhi,2026-04-13
CUST-10834,Oviya Kuruvilla,liam44@example.net,9348655121,Delhi,2025-10-01
CUST-10835,Saksham Chanda,dhruv84@example.org,4269267790,Bengaluru,2025-07-20
CUST-10836,Daniel Batra,dmajumdar@example.net,08041571717,Delhi,2026-03-05
CUST-10837,Vamakshi Bose,lila87@example.com,06790659606,Delhi,2025-07-23
CUST-10838,Triveni Kaur,gabrielsubramaniam@example.com,9082815846,Mumbai,2024-09-13
CUST-10839,Agastya Nayar,ranganathanridhi@example.net,6965878129,Bengaluru,2026-02-02
CUST-10840,Idika Grewal,ekanshhayer@example.org,1258399308,Mumbai,2026-05-11
CUST-10841,Vedhika Tripathi,chandachanakya@example.org,9557794197,Mumbai,2024-09-24
CUST-10842,Keya Balasubramanian,pmangal@example.com,7897160151,Delhi,2025-06-02
CUST-10843,Vinaya Kata,dattariya@example.com,6845801766,Delhi,2025-04-01
CUST-10844,Warhi Jha,hemangaggarwal@example.com,3207291357,Delhi,2025-09-06
CUST-10845,Luke Bumb,mugdhade@example.net,0031224398,Delhi,2024-09-27
CUST-10846,Yahvi Master,panini02@example.org,01304408866,Bengaluru,2025-03-26
CUST-10847,Bimala Rao,sheregavin@example.net,04413595354,Delhi,2025-06-11
CUST-10848,Udyati Brar,qushi20@example.org,09817145763,Bengaluru,2025-03-23
CUST-10849,Keya Samra,iryakannan@example.org,1446881228,Delhi,2025-04-19
CUST-10850,Dayamai Vohra,fviswanathan@example.net,04284673651,Bengaluru,2025-02-12
CUST-10851,Kiaan Buch,krishnamurthymatthew@example.com,0717298343,Bengaluru,2026-04-11
CUST-10852,Barkha Jain,gandhizayan@example.net,+916146149818,Mumbai,2025-05-01
CUST-10853,Benjamin Sachar,wagleomaja@example.com,+917491640942,Delhi,2025-05-17
CUST-10854,Luke Sabharwal,parth46@example.com,+917391578816,Mumbai,2024-07-29
CUST-10855,Thomas Bath,lila40@example.net,9412267362,Bengaluru,2025-10-26
CUST-10856,Yashoda Murty,chakradevchauhan@example.org,05019911326,Bengaluru,2025-07-09
CUST-10857,William Warrior,nitara62@example.net,06329592957,Mumbai,2024-09-14
CUST-10858,Darika Vora,kgrover@example.com,+915242810523,Mumbai,2024-12-30
CUST-10859,Darika Sane,logan15@example.org,+911266814800,Bengaluru,2024-09-16
CUST-10860,Liam Dash,adwetamallick@example.org,+915442155012,Bengaluru,2024-11-03
CUST-10861,Yutika Radhakrishnan,vasanahegde@example.net,02828683651,Delhi,2024-06-11
CUST-10862,Qasim Bir,thomasseth@example.com,07555463904,Mumbai,2026-03-11
CUST-10863,Dalbir Chowdhury,farhan99@example.com,3181731665,Delhi,2026-01-02
CUST-10864,Dayamai Narain,tkeer@example.org,+912251971400,Delhi,2026-03-21
CUST-10865,Udarsh Bawa,gautamsidhu@example.com,07999652969,Mumbai,2025-10-09
CUST-10866,Ekani Ganesan,guneet19@example.com,06493879314,Delhi,2024-12-24
CUST-10867,Yutika Bains,utkarsh30@example.com,3538642154,Mumbai,2025-01-02
CUST-10868,Gopal Mandal,dchanda@example.org,+918240569350,Bengaluru,2026-05-31
CUST-10869,Aarna Padmanabhan,pmodi@example.net,+912470652969,Mumbai,2025-01-13
CUST-10870,Aishani Kadakia,kadegirish@example.com,9172953964,Bengaluru,2025-04-02
CUST-10871,Charvi Chhabra,wlala@example.com,0752804621,Mumbai,2025-05-04
CUST-10872,Veda Dani,fluthra@example.com,0417727236,Bengaluru,2026-03-13
CUST-10873,Oeshi Issac,umitra@example.org,+916954481009,Bengaluru,2024-07-26
CUST-10874,Peter Talwar,amruta12@example.com,07756737130,Mumbai,2024-10-04
CUST-10875,Hemangini Chokshi,yashicakhatri@example.org,5380046408,Bengaluru,2025-11-06
CUST-10876,Zansi Dugal,bcontractor@example.com,02318869656,Mumbai,2024-08-29
CUST-10877,Hitesh Mistry,nimratiyer@example.org,+918630981016,Bengaluru,2025-04-18
CUST-10878,Tara Sarkar,pushti85@example.com,7269882024,Mumbai,2025-04-17
CUST-10879,Radha Bhavsar,ramajasmit@example.com,05932802656,Bengaluru,2025-11-02
CUST-10880,Riya Buch,nathaniel93@example.net,+917312148415,Bengaluru,2026-02-24
CUST-10881,Yashoda Pradhan,pranitchacko@example.net,3069335180,Bengaluru,2024-08-10
CUST-10882,Oliver Dhillon,jbedi@example.org,+910191969771,Bengaluru,2024-08-29
CUST-10883,Balvan Malhotra,patrick80@example.com,09537454864,Delhi,2024-06-08
CUST-10884,Niharika Brahmbhatt,gabrielsuri@example.net,08471590515,Delhi,2025-11-04
CUST-10885,Leena Rajagopal,wyatt98@example.org,+912450754606,Bengaluru,2026-02-07
CUST-10886,Jasmit Bhasin,maanav70@example.com,04768882325,Bengaluru,2026-01-11
CUST-10887,Bhavini Karan,hritikchada@example.org,06400128606,Mumbai,2026-02-27
CUST-10888,Gayathri Bora,namble@example.com,+910198692784,Mumbai,2026-05-03
CUST-10889,Jason Patel,ekant@example.com,05514398517,Delhi,2025-11-02
CUST-10890,Xiti Agrawal,sankarjagvi@example.com,02524054335,Bengaluru,2026-03-25
CUST-10891,Sanaya Barad,wnatt@example.net,8904352644,Delhi,2025-09-11
CUST-10892,Ojas Sama,rammitesh@example.com,4451813483,Delhi,2024-06-26
CUST-10893,Ganga Tara,sankaryashoda@example.com,7135082824,Mumbai,2026-01-21
CUST-10894,Caleb Master,jhaverigaurangi@example.org,06469482852,Delhi,2025-12-13
CUST-10895,Lopa Chaudhary,advay34@example.org,1909758736,Delhi,2026-04-05
CUST-10896,Janaki Comar,hardik77@example.org,08036986157,Bengaluru,2026-02-12
CUST-10897,Yachana Halder,mangatudant@example.org,+913494005643,Delhi,2025-10-25
CUST-10898,Orinder Batra,gabrieldevi@example.org,05080806915,Delhi,2025-02-24
CUST-10899,Raghav Basak,snaidu@example.net,09430902942,Bengaluru,2024-10-13
CUST-10900,Faris Chadha,davidkumer@example.com,08038119303,Delhi,2025-02-17
CUST-10901,Edhitha Dixit,nathankanda@example.com,05482144029,Delhi,2024-10-16
CUST-10902,Anirudh Thaker,raagininagi@example.org,4301200619,Delhi,2025-03-15
CUST-10903,Ishani Doshi,uravel@example.com,08725122739,Delhi,2025-09-06
CUST-10904,Krisha Muni,contractoraarini@example.org,+916197321961,Bengaluru,2025-12-25
CUST-10905,Tamanna Sinha,qsrivastava@example.org,5186960884,Bengaluru,2025-12-06
CUST-10906,Darsh Loyal,owen73@example.org,3718646747,Bengaluru,2025-05-09
CUST-10907,Atharv Kaul,chhabradeepa@example.net,+913674854638,Delhi,2025-09-30
CUST-10908,Sai Vohra,jeevikaswaminathan@example.org,6830392858,Bengaluru,2026-03-15
CUST-10909,Warda Bose,ddutt@example.net,+917585972201,Bengaluru,2026-03-13
CUST-10910,Ranbir Khatri,sai86@example.org,+912426746279,Delhi,2025-09-12
CUST-10911,Chakrika Badami,zdevi@example.org,07656238770,Bengaluru,2024-08-12
CUST-10912,Udyati Chatterjee,widishadas@example.net,1362615608,Delhi,2026-03-12
CUST-10913,Jai Swamy,revapatla@example.org,07964406133,Mumbai,2025-01-31
CUST-10914,Madhavi Bala,indrajit32@example.net,04546005104,Bengaluru,2026-05-22
CUST-10915,Jalsa Sule,falan23@example.com,2378880842,Delhi,2025-01-21
CUST-10916,Tripti Bedi,gmadan@example.net,8069835260,Bengaluru,2026-01-24
CUST-10917,Qushi Narayanan,advay90@example.com,9091075864,Bengaluru,2026-01-09
CUST-10918,Faras Saran,rsethi@example.com,09983966492,Bengaluru,2024-07-03
CUST-10919,Anusha Jhaveri,ishanvi28@example.net,07995309384,Mumbai,2025-09-02
CUST-10920,Vihaan Sandhu,lajitabassi@example.com,09222437986,Mumbai,2024-07-15
CUST-10921,Pranav Seshadri,chamanrattan@example.com,+911592904261,Delhi,2024-11-27
CUST-10922,Reva Sarraf,aryan38@example.com,+911584582054,Mumbai,2025-12-17
CUST-10923,Harshil Dara,shahsiya@example.net,+916306397440,Bengaluru,2025-01-20
CUST-10924,Dhriti Kamdar,eta24@example.com,0590630470,Mumbai,2024-06-15
CUST-10925,Vivaan Buch,loganpatel@example.net,05767359464,Delhi,2026-01-29
CUST-10926,Samarth Rama,arin28@example.com,06131421084,Delhi,2026-01-26
CUST-10927,Andrew Brar,mukherjeebhavika@example.com,4098826468,Mumbai,2024-09-01
CUST-10928,Gaurav Chaudhari,dipta54@example.org,05713361658,Delhi,2025-08-14
CUST-10929,Girish Kuruvilla,rrattan@example.org,07267352176,Bengaluru,2024-10-29
CUST-10930,Praneel Ben,hardikmangat@example.net,05149087220,Bengaluru,2025-01-06
CUST-10931,Jeet Arora,idutta@example.org,+916125339289,Bengaluru,2024-11-06
CUST-10932,Rachit Balan,krishna33@example.com,+912692950214,Mumbai,2025-05-02
CUST-10933,Ekantika Panchal,geetikaswamy@example.net,7835455620,Delhi,2024-12-23
CUST-10934,Aishani Keer,iseth@example.com,0242214599,Mumbai,2024-09-25
CUST-10935,Lopa Pillai,wthakkar@example.net,01524023683,Delhi,2024-11-19
CUST-10936,Raagini Sahota,narasimhanparth@example.com,8558962681,Bengaluru,2026-03-22
CUST-10937,Aryan Jani,mbaria@example.com,6744530087,Delhi,2026-02-04
CUST-10938,Shivansh Karan,isha68@example.org,+910083018690,Delhi,2025-01-14
CUST-10939,Warhi Gola,ysridhar@example.org,7706819495,Delhi,2025-07-15
CUST-10940,Oliver Chaudry,sodhihema@example.com,00754473656,Bengaluru,2024-10-14
CUST-10941,Kritika Kade,ssibal@example.com,07883650399,Mumbai,2025-11-10
CUST-10942,Liam Vaidya,rrana@example.org,1083839235,Delhi,2026-05-30
CUST-10943,Nimrat More,max20@example.org,05418217706,Mumbai,2025-12-22
CUST-10944,Caleb Sachdeva,ucchal02@example.net,07176613941,Delhi,2025-12-18
CUST-10945,Guneet Sastry,udant01@example.net,3547491541,Mumbai,2025-12-02
CUST-10946,Ira Goswami,yrama@example.com,03297755015,Bengaluru,2024-09-05
CUST-10947,Yahvi Shan,kalitajack@example.org,+913886496463,Delhi,2025-08-13
CUST-10948,Eshana More,turvitaneja@example.org,2496837338,Delhi,2024-07-18
CUST-10949,Yachana Sane,qjaggi@example.org,+915548730122,Delhi,2024-08-28
CUST-10950,Imaran Dhar,hbadal@example.net,2926976345,Bengaluru,2024-08-09
CUST-10951,Yashica Dugar,pbehl@example.org,00103119199,Mumbai,2025-04-18
CUST-10952,Fitan Kumar,jsengupta@example.org,+913353937385,Bengaluru,2024-09-30
CUST-10953,Hredhaan Nadkarni,bachittarsawhney@example.com,0456074172,Mumbai,2024-09-10
CUST-10954,Gaurika Ray,lrao@example.com,8228312364,Delhi,2024-08-15
CUST-10955,Triveni Bhalla,mukhopadhyayhredhaan@example.org,+918210954118,Bengaluru,2026-05-31
CUST-10956,Saumya Char,saumya39@example.org,6014182021,Bengaluru,2024-10-11
CUST-10957,Henry Datta,gnatt@example.net,6508397966,Bengaluru,2025-02-27
CUST-10958,Garima Edwin,bhatnagarucchal@example.org,04903687963,Bengaluru,2026-05-16
CUST-10959,Jack Gaba,isha61@example.net,8693956199,Delhi,2025-06-18
CUST-10960,Vaishnavi Minhas,nidra90@example.org,05043797974,Mumbai,2024-10-23
CUST-10961,Prisha Bali,usawhney@example.net,1643816661,Mumbai,2025-06-19
CUST-10962,Warda Varughese,bchopra@example.net,6272522118,Mumbai,2024-11-01
CUST-10963,Quincy Vasa,vamakshi86@example.net,1211735250,Delhi,2025-06-24
CUST-10964,Urvi Roy,bbalay@example.org,2234708422,Bengaluru,2025-08-26
CUST-10965,Anvi Sem,vmistry@example.net,03886834577,Mumbai,2025-07-30
CUST-10966,Radha Devi,hredhaansandhu@example.org,0730492756,Delhi,2024-07-01
CUST-10967,Nisha Wable,chadhasaksham@example.com,05472903516,Bengaluru,2025-08-12
CUST-10968,Sarthak Rau,kamyagole@example.com,+915439489492,Bengaluru,2025-09-08
CUST-10969,Ijaya Kalita,hoommen@example.net,+910245620620,Delhi,2026-03-17
CUST-10970,Jyoti Iyengar,kalagautami@example.org,06940310261,Delhi,2024-11-23
CUST-10971,Yochana Balan,satheekalinga@example.org,05608783473,Bengaluru,2025-09-04
CUST-10972,Devika Tak,qkrishna@example.com,+914906533331,Mumbai,2025-04-11
CUST-10973,Bhavani Raman,nimrat15@example.com,+914697627087,Bengaluru,2025-05-03
CUST-10974,Jason Chada,samesh96@example.com,1190468446,Mumbai,2024-06-20
CUST-10975,Wazir Zachariah,virkyashawini@example.com,4396572918,Mumbai,2025-10-01
CUST-10976,Bhavini Sani,darikabalakrishnan@example.net,+914090998904,Bengaluru,2024-07-06
CUST-10977,Chandran Gole,dashadvaith@example.org,4006307289,Delhi,2026-02-07
CUST-10978,Aarush Vasa,reva65@example.net,9270971733,Delhi,2025-02-15
CUST-10979,Ishwar Purohit,dbarad@example.org,+919461998123,Mumbai,2025-01-29
CUST-10980,Vaishnavi Dora,udant22@example.com,+917502492115,Delhi,2025-10-29
CUST-10981,Vedant Bal,nihalarora@example.com,08861608452,Delhi,2026-02-12
CUST-10982,Zashil Vig,ekantikachaudhary@example.net,1239114671,Bengaluru,2025-09-19
CUST-10983,Dalaja Pillai,balimanthan@example.org,+918261446068,Bengaluru,2025-12-24
CUST-10984,Yashasvi Natt,karaadvik@example.net,+915587245113,Bengaluru,2025-01-22
CUST-10985,Naveen Yohannan,elijah15@example.org,07803683248,Bengaluru,2024-11-13
CUST-10986,Riya Kurian,basubhavani@example.org,+912686767893,Mumbai,2024-07-28
CUST-10987,Radha Nagy,parikhubika@example.com,02085745037,Bengaluru,2024-08-20
CUST-10988,Aarna Deshpande,divyachada@example.org,+913706578836,Bengaluru,2025-02-21
CUST-10989,Raghav Nayar,horajacob@example.org,02286143291,Delhi,2025-10-31
CUST-10990,Tarak Keer,dugarbhavini@example.com,+915864161437,Bengaluru,2025-01-04
CUST-10991,Sachi Narayanan,chanchalramakrishnan@example.net,3400793830,Delhi,2025-02-01
CUST-10992,Vritti Manda,netra91@example.org,+919857348111,Mumbai,2025-08-03
CUST-10993,Chakradev Jayaraman,rajaradha@example.org,08323514076,Mumbai,2025-10-03
CUST-10994,Gautam Manda,ijaya18@example.com,+911461977600,Bengaluru,2024-12-06
CUST-10995,Harinakshi Solanki,tanaybuch@example.net,+917493151767,Delhi,2024-10-04
CUST-10996,Hredhaan Taneja,abdulwali@example.org,3338019131,Mumbai,2024-07-02
CUST-10997,Udarsh Bawa,jeevika72@example.net,02758950205,Bengaluru,2025-05-20
CUST-10998,Ria Agarwal,oliverben@example.net,05209794557,Delhi,2025-03-25
CUST-10999,Krisha Chahal,deepa43@example.com,+916002122434,Bengaluru,2025-09-21
